Motif,Occurrences,StrandBiasScore,ERD
TTTTTTTTTG,789,148.996000231,0.13159855661
AAAAAAAAGT,165,36.3039135367,0.108147149051
TTNTTTTTTG,1002,139.547063372,0.0994434159622
NTTTTTTTTG,1017,129.946557059,0.0963728762454
TTTNTTTTTG,1035,136.853306849,0.0959873598973
TTTTTTNTTG,1018,129.215222192,0.0958735337931
TNTTTTTTTG,1051,133.81978037,0.094012898286
TTTTTNTTTG,1054,130.60986421,0.0935084133405
TTTTTTTNTG,1156,141.879138759,0.0921472203123
TTTTTTTTNG,1123,133.221122,0.0916531634515
AAAAAAACAC,65,10.5584863907,0.0864960690612
TTTTNTTTTG,1086,123.355138387,0.0863394165116
AAAAAANAGT,251,41.9095096257,0.0841915412497
NGNGGACAGT,48,9.72870061291,0.0837454212454
NGAGGACAGT,48,9.72870061291,0.0837454212454
AAAAAAAAAC,395,42.5076900546,0.0827470108687
NGAGGACNGT,49,9.63845001382,0.0814631366705
NGAGNACAGT,50,9.65280085641,0.0808238414729
AAAANAAAGT,262,45.1724799011,0.0804423647213
NGANGACAGT,54,9.73936387489,0.0764531992098
AAAAAAACNC,90,12.9348164993,0.0753327566694
AAAAAAAAGG,206,27.4098677086,0.0742612160092
NTNGTAGAGT,90,10.4504233156,0.0740888536188
AAAAAAAACC,50,9.16987699446,0.0738034443418
NTCNTAGAGT,69,8.15784690591,0.072271206609
AAAAAAAANC,628,58.7885730415,0.0720981805877
NGAGGACAGN,54,9.22690329465,0.0720125899931
AAAAAAANAG,1046,82.0323702045,0.0717567240903
AAAAAAANGT,414,58.6850542127,0.0706190247914
AAAAAAANAC,687,60.9368561512,0.0702676351292
NNAGGACAGT,88,12.2823013269,0.0697221777849
NTCGTANAGT,74,8.27731105045,0.0692571919279
ANAAAAAAGT,276,36.4992794323,0.0692491545701
AAAAANAAGT,267,36.148118947,0.0691765069023
NTCGTAGNGT,124,11.5183382815,0.0679165708829
AAANAAAAGT,293,35.9882300143,0.0676804491383
AAAAAAAANG,1449,117.728493903,0.0674636167613
NGAGGACANT,58,9.35281019404,0.0664207197711
TTNTTTTTNG,1480,123.930851111,0.0663986663452
TTNNTTTTTG,1446,123.466548425,0.0653202303915
TTTNTTTTNG,1510,119.510683513,0.0644276384089
TTTNTTNTTG,1472,116.631170296,0.0642637120822
TTTTTNNTTG,1453,109.697397496,0.0641550304185
NTTNTTTTTG,1460,113.690248742,0.0633053158686
TNTTTTTTNG,1547,117.467531785,0.0632787791524
TNNTTTTTTG,1484,120.133184666,0.0631832296919
TTTTTNTTNG,1557,115.936399729,0.0629550212491
TTNTTTNTTG,1447,110.367789653,0.0629471181702
TTTTTTNTNG,1563,117.736923556,0.0629219045437
NTTTTTTTNG,1528,114.064058174,0.0628779179674
AAAAANACAC,136,15.728562033,0.0628761990956
NTTTTTNTTG,1440,105.774957869,0.0626836261932
TTTNTTTNTG,1617,126.42114087,0.0626581769637
NAAAAAACAC,87,10.5784275077,0.0624985142042
TNTNTTTTTG,1515,118.976796991,0.0624142642036
AAAAAANAGC,103,9.58659190897,0.0622188067626
AAAAAANAAG,1124,72.1262131908,0.0620765123497
NTNTTTTTTG,1477,113.135961932,0.0619665656203
NNTTTTTTTG,1487,111.419782421,0.0616995896962
NTTTTTTNTG,1594,115.199917951,0.0616420681841
AGAGNNCAGT,121,14.2208530755,0.0615395322059
AAAAAANAAC,597,43.784049825,0.06153733157
AAAANANAGT,424,51.0230833015,0.0614532057195
NAAAAAAAGT,282,31.1750916029,0.0613468680609
NTTTTNTTTG,1495,109.451662344,0.061323579803
TTTTTTNNTG,1655,122.830430319,0.0611188596235
TTTNTNTTTG,1523,113.555148471,0.0610840999947
TNTTTTNTTG,1503,110.002906407,0.0609784829449
AANAAAAAGT,311,34.7713580172,0.0607988066506
NGAGGNCAGT,83,10.1760454485,0.0604182870971
AAAAAAANCG,74,9.3217306729,0.060348968194
TTNTTNTTTG,1542,116.19068524,0.0602797123309
TTTTNTNTTG,1480,106.124271896,0.0602339056257
AAAAAATTAC,92,8.73728357205,0.0598619273924
TTTTNTTTNG,1574,112.716240175,0.0597835425167
TTNTTTTNTG,1664,124.009880476,0.0597747713848
TTTTTTTNNG,1795,125.053768552,0.0592615258682
NGAGGANAGT,66,9.28873728161,0.0587412587413
AAAAAANAGG,277,28.0794956658,0.0586884723755
AAAAANAACG,70,8.93807172945,0.0582029515476
GNAGGACANT,77,8.24644023333,0.0581478310502
TTTNNTTTTG,1552,109.940880524,0.0581047949003
AAAAANAAAG,1125,66.8195905515,0.0580644834924
ANAAAAAAAG,1118,65.885653326,0.0579860918695
TTNTNTTTTG,1530,106.118677422,0.0578099943221
GNAGAAGNGT,53,8.7248281225,0.0577688229488
AAAANAACAC,95,10.1292527873,0.057758574634
TTTTNNTTTG,1545,105.137128837,0.0574441641003
AAAANAAAAG,1213,74.0353370952,0.0571600747737
ANAAAAAAAC,533,33.5584601183,0.0568643037913
TTTTTTTTTC,1111,71.8331830862,0.0567138546663
AANAAAAAAG,1141,65.902868811,0.0566497838424
GGAGNANAGT,156,19.5614575827,0.0565178769709
TTTTNTTNTG,1699,113.358541725,0.0563823664766
TNTTTTTNTG,1740,116.656827939,0.0561911895328
AAAAAAANNC,1237,90.3676688546,0.0559499333826
TTTTTNTNTG,1768,112.020547746,0.0554054998003
GNAGGNCAGT,97,9.08964331578,0.0552768383315
AAAAAAANNG,2023,131.174681979,0.0548104167649
NTTTNTTTTG,1564,96.6819290503,0.0544978996654
AAAAAANCAC,113,10.676726257,0.0543710021322
NAAAAAAAAC,560,33.8733939638,0.0542761665759
AAAAAANNGT,676,61.8342097978,0.0542701553317
TNTTNTTTTG,1641,105.91818822,0.0537140686018
AAAAANAAAC,616,35.8963610814,0.0536295905981
GGAGAANAGT,127,15.2022450968,0.0533891384238
AAAAAANNAC,1137,75.8075635295,0.0533639762595
GNNGAAGAGT,56,8.38274732039,0.0532223787283
AAAAAAATAC,181,15.9216084892,0.0531691441818
TNTTTNTTTG,1678,97.2796998234,0.0525023089164
ANAAAANAGT,452,44.7658228377,0.0524184484069
AAANNAAAGT,485,49.7989602028,0.0524105747584
ANAANAAAGT,465,47.1833175014,0.0523286524798
TTTTTTTGTG,103,8.96094767737,0.052304753758
AANAAAAAAC,563,32.663427855,0.0521024949835
AAAANAAAGG,291,27.2130105322,0.0520171278999
AAAAAANTAC,318,26.6479036167,0.0518070028596
AAAAANNAGT,471,47.2102397818,0.0517643569723
AAANAAAAAG,1233,63.2684703222,0.0516991104841
TTTTTTTGTA,205,19.8051358794,0.0515548929821
GGAGANNAGT,132,15.2690434832,0.0514294941039
AAAANNAAGT,467,47.7303935334,0.0513160625271
AAAAAAANGC,123,10.8805569203,0.0510514171428
GGAGAANNGT,138,15.3575524136,0.0506387532803
AAAAAANACG,87,9.09936628381,0.0506229123409
AAANAAACAC,108,10.8543261463,0.0505563678111
GGNGAANAGT,135,14.6143017211,0.0503726065879
NAAANAAAGT,435,41.6823176399,0.050288219534
AAANAANAGT,483,43.5062934544,0.0502852932605
NAAAAAAAGG,300,26.5941587571,0.0502763075995
AAAAAANANC,1048,64.8034911748,0.0502735090637
AAAAAANACC,98,10.8356561849,0.0499836749082
AAAAANACNC,195,16.3936238966,0.0497128836428
AAAAAANNAG,1575,79.4260083035,0.0491427447176
AAAAANAAGG,309,25.8607662042,0.0490947938753
GGANAANAGT,156,16.336862786,0.0489843875155
AGTANATAGT,92,9.40696471443,0.0488461634623
AAAANAAACC,89,9.45665881261,0.0488281125267
AANANAAAGT,491,46.1352737571,0.0486078707507
ANAAAAACAC,100,9.72244154048,0.0485272805426
NGTAGAGNGT,109,10.7289416711,0.0484829705925
AAAAAANANG,2127,116.09457423,0.0483384461191
AAAANAANGT,704,58.6783894315,0.0482778253918
AANAAAACAC,107,8.35112569119,0.0482666031771
AGTNCATAGT,86,8.60913740995,0.0482661149566
AGTACATAGT,86,8.60913740995,0.0482661149566
AAAAAAATGT,176,16.5527197061,0.0481564132909
TTTTTTTTGA,239,19.5019809674,0.0481208791519
AAAAAAANGG,343,30.4359778491,0.0479749402399
AAANAAAAAC,654,34.7584463217,0.0479357605241
ANAAANAAGT,485,43.3947055032,0.0477611713134
AGTANNTAGT,102,10.6272992453,0.0477120214611
AGTACNNAGT,204,12.8560493057,0.0476082786471
AAAAANANAG,1524,72.1503467222,0.0475459451743
GGAGAANAGN,143,15.2760898243,0.0475106374042
AANAAANAGT,485,41.1161066961,0.047211669457
AAAANAACNC,149,13.4903544755,0.0471813631897
NAAAAAACNC,140,13.156342527,0.0469868919542
ANAAAAAANC,914,49.6462077795,0.0469834316069
ANANAAAAGT,535,43.2988019178,0.0468887271278
AAAANAANAG,1606,78.8886028685,0.0468064834258
NGTACATAGT,90,8.83498317551,0.0467326987394
AGTACANAGT,156,15.6754267385,0.0466366087199
AAAAANANAC,1205,62.8341347752,0.0465891680181
AGTACATAGN,90,8.8906051275,0.0465824886814
AGTNNATAGT,99,9.95208803172,0.0465418566301
AGNACATAGT,91,8.89826129476,0.0462007107802
AGTNCNCAGT,195,9.0546549939,0.0461505087099
TTTTTTTNTC,1467,73.5604772895,0.0461165171969
NGAGAANAGT,156,15.5008410536,0.046058682855
ANAAAAANAC,997,51.3661066794,0.0459787019675
ANAAAAAAGG,319,25.0095042335,0.0456153307937
ANAAAAANAG,1534,69.6644308732,0.0455587591865
AAANAAAAGG,333,28.2258660057,0.04548723753
NAAAAANAGT,469,35.575560058,0.0452287260207
AAANAAANGT,758,54.986238699,0.0451730860363
AAAAANAANC,1019,53.1035424754,0.0451398591965
NAAAAAANAC,1011,51.9401177042,0.0451344903637
AGTACATNGT,92,8.59523593145,0.0451060561007
NAAAAAAGGT,93,10.5086804435,0.044991771653
AGTANANAGT,178,17.7445011705,0.0449030657604
AANAAAANAG,1563,68.7676090561,0.0447883235974
AAAAANAANG,2118,103.993990647,0.0445413201304
AAAANAAAAC,683,31.4694786092,0.0445404254049
AGTACNTAGT,92,8.55557659283,0.0444908564865
AAAANAAANG,2204,111.617418988,0.044398142679
AGTNCATNGT,96,8.82885441533,0.044181724316
AANAAAANAC,1031,51.7069421593,0.0441532710372
NAAAAAAANC,961,47.3602054505,0.0440460661861
AGTACANAGN,166,16.0017484078,0.0439437475485
AGAGANNAGT,154,13.4298189261,0.0438672074439
AANAAAAANC,953,50.0718639624,0.043810972249
ANAAAAAACC,81,8.89210613943,0.0438077315904
GGANAAAAGT,99,8.68780739644,0.0436855599136
AAAAANTTAC,168,12.6430072806,0.0435936361454
AGNACANAGT,167,15.6461407169,0.0434880006233
AGTACANNGT,167,15.6449467613,0.0433996383363
AGNNCATAGT,96,8.85336731419,0.0433714681724
ANNAAAAAGT,553,38.0315092039,0.0433081966328
ANAAAAAANG,2159,104.680161108,0.0431795431385
AAANANAAGT,505,36.652807093,0.0431264857545
AAAAAAANCC,100,10.7498400827,0.0431002701816
AGTNCNTAGT,94,8.5214831058,0.0430544998811
TTTTTTTTNC,1612,72.8078318964,0.0430463516413
TTTTTNTTTC,1495,69.4736274223,0.0429490307167
NGTACANAGT,173,15.9612809194,0.042861962021
GNAGAANAGT,166,14.8240351616,0.0428167235515
AGTNCATAGN,97,8.56138807742,0.0427851249011
AAANAAANAG,1653,68.829204192,0.04268112831
AGTNCANAGT,244,16.7889070989,0.0426537143718
AANNAAAAGT,568,37.8522286215,0.0425841414718
AAAAAANGGT,110,9.90722290505,0.0425821896703
NGAGAAAAGT,95,8.13378923322,0.0424943458046
TTTTTTNTTC,1562,71.0905209474,0.0423033990131
NAAAAAANGT,775,54.2522266609,0.0423023893558
AAAAANANGT,772,51.9011305108,0.042275611321
AGTACNTAGN,99,8.57078347507,0.0421113360765
AGAGAGNAGT,102,8.71093523539,0.0420496087495
AAAANNACAC,244,16.9475327955,0.0419983212986
TTTTTTGTTA,144,8.19164564907,0.0419727365678
NAAAAAAANG,2127,90.9135785834,0.0418652176512
AGAGNGNAGT,172,15.8721404545,0.0417665551393
AANAANAAGT,515,37.1374616327,0.0417263740379
NGTNCATAGT,101,8.82876346939,0.0416880076096
AAAAAANCNC,171,12.3888694357,0.0416825063905
GGANNAAAGT,109,9.1998637785,0.041630752015
AANAAAANGT,813,55.0561815338,0.0416008475504
AAANAAAANC,1059,51.6633359785,0.0413585472457
AAAAANNAAG,1659,64.9532701334,0.0410848155211
NGAGAGNAGT,108,9.30366266075,0.0410523415741
NGTACATAGN,102,8.76218099169,0.0410291212354
NGTACNTAGT,102,8.69120276049,0.0406623605873
ANAAAAANGT,860,53.8879350348,0.0406188239705
NAANAAAGGT,163,16.37114984,0.0405947217519
AGTACATNGN,102,8.53958412974,0.0405130815433
AGTNCACAGT,154,8.77509221477,0.0405125358498
TNTTTTTGGA,99,9.21307687885,0.0404923463254
AGTANATAGN,119,10.1251751261,0.0404167620792
NGTACATNGT,107,9.02081758233,0.0403830153134
ANTACATAGT,103,8.17350221113,0.0403661488642
NAAAAAANAG,1551,53.3131210211,0.0403524420193
NAAAANACAC,207,15.3472495463,0.0403493949724
NAAAANAAGT,491,34.0299120644,0.0403081116616
AAAANAAANC,1100,49.5985281635,0.0402960390621
AGAGAGNNGT,107,9.05710788083,0.0402603936263
AGNACATAGN,105,8.90165722616,0.0402571251549
AGNNCACAGT,155,8.77213330517,0.0402363959065
NGAGANAAGT,107,8.71026303286,0.0401284916377
AGTNCACNGT,155,8.77061089229,0.0400997272572
AANAAAACNC,159,10.5899479063,0.0400876696833
AGTNCACAGN,156,8.77501403082,0.0400638943037
AANAAAAANG,2294,100.171502154,0.0400474503463
NGAGNAAAGT,104,8.24223751983,0.0400211322604
AAANAAANAC,1167,52.147715953,0.0399346800316
AAANAAAANG,2334,100.583196814,0.0399113556862
AAAANAANAC,1160,50.6342861801,0.0397672686733
TTNTTTTTTC,1498,57.8347537535,0.0397251289286
AAAANANAAG,1773,66.3134825352,0.0396400563226
TNTTTTTTTC,1512,62.1040042451,0.039541885304
NAAAAANCAC,167,11.7057479776,0.0395324840434
AGNACNTAGT,108,8.78908303586,0.0395099896945
AAAAAANNGC,231,14.1684958017,0.0393002564317
AGTACNTNGT,117,9.68091360015,0.0392591823367
AGNGAGNAGT,108,8.67898499243,0.0392542105319
AAAAANNAAC,1015,42.3392911338,0.0391783428157
NGNACATAGT,109,8.59206651605,0.0390642998235
GGNNAAAAGT,115,8.57429527109,0.0390485533112
AAAANANAGG,410,26.3894654705,0.0389037052381
ANAAAANAAG,1684,60.4399968016,0.0388838902406
AGTNNACAGT,160,8.74619593091,0.0387275005696
GGAGAAAANT,109,8.4978123568,0.0387053115225
TTTTTTTNGA,399,26.3852908401,0.0386863628016
AANAAAAAGG,365,23.3076989338,0.0386421055267
NGTNCACAGT,163,8.89126141927,0.0384961175594
AANAAANAAG,1679,58.5941907553,0.0384382351123
TTTNTTTTTC,1557,58.624892876,0.038399670669
AAAAANANCG,126,9.45781304685,0.0382845488223
AAAAANNGGT,203,11.990473918,0.038249447807
ANTACANAGT,199,16.1498934908,0.0381665203919
AAAAANNCAC,236,14.4659203702,0.0381301577337
AAANAAACNC,166,11.1266604801,0.0380794773152
AGNACATNGT,114,8.82060772109,0.0380569353868
ANTNCACAGT,165,8.85638171754,0.0380236860964
AGANAGNAGT,123,10.0918560802,0.0380084498718
AAAAAANNCG,157,11.7506569741,0.0378816451128
NAANAAAAGT,555,31.0185685332,0.0376170910057
GGAGAANANT,194,15.9701872582,0.0375733354193
ANAAAAAGGT,124,10.3394461697,0.0375343383585
AAANAANAAG,1787,62.4940095963,0.0374510822818
ANAAANAAAG,1661,56.0690429058,0.0374367785617
AAANAATTAC,150,8.82336444261,0.0373909762779
NAAAANAGGT,178,14.9379283281,0.037361884113
AAAANNAAAG,1771,62.498541353,0.0372736460393
AANAANAAAG,1681,58.2980238348,0.0370591667777
NANAAAAAGT,569,32.0927356403,0.0370275886198
AANAAAAGGT,103,10.4054305464,0.0369196670675
NNAAAAAAAC,811,27.9301540627,0.0369070171651
NNAAAAAAGT,530,31.4024473505,0.0368372209081
AAAAANATAC,378,18.0804909798,0.0368279534199
NTTTTTTTTC,1506,50.3663417955,0.0367311049035
TTTTTTNGTA,328,21.9710771839,0.0366018569807
AAAANNAGGT,154,11.3501624797,0.0365797903486
NAAAAANAAC,923,33.6381562556,0.0365583409205
ANAANAAAAG,1792,62.2806711758,0.0365510817187
AGAGAGNAGN,123,8.74945920908,0.0364897352224
AAAAANNAGC,179,9.05339225189,0.0363357226787
AAAAAATTNC,186,9.29456211459,0.036296523622
AAAAAANTGT,275,18.6380257273,0.0362839829676
TACGNATNGT,183,11.3947226058,0.0362339181287
AANANAAAAG,1793,60.4608883482,0.036155666817
AAAAAAATNC,424,23.0887199982,0.0360868219131
AGAGNGTNGT,110,10.1070946838,0.0360329969991
NGNGAAAAGT,129,9.25643955935,0.035948166487
AGAGNGTAGT,106,9.52451264934,0.0359438436729
NAAAAATTAC,154,8.12883734716,0.0358875937147
AGAGNGTAGN,107,9.55250796386,0.0358490566038
AANAAATTAC,147,8.13948453505,0.0358020784268
TTTTNTTTTC,1565,51.5463737589,0.0357963695443
AGTANATNGT,126,9.24906987228,0.0357563014693
AANAAANAGC,176,9.53542293711,0.0356200911984
NAAAAANAAG,1693,49.0139307718,0.035589675091
AGNANATAGT,140,9.89934399966,0.0354837974438
ANAAANAAAC,972,33.2255284642,0.0354657526106
AAANAAAACC,100,8.60124667388,0.0354170541194
AAANGAAAGT,84,8.5341839406,0.0352798053528
NAAAAANAGG,445,24.6016942712,0.0352781215633
GGANAAANGT,137,9.14287265439,0.0352463930142
AAANAANAGG,446,26.7092404109,0.0352404099303
AAAAAANNGG,516,31.6048835288,0.0352234650636
ANAAAAACNC,165,10.8157400302,0.035218579235
NAAANAAGGT,162,12.3318412362,0.0351673777146
AAAAANNAGG,458,26.8092895065,0.0351213198288
ANAGNGTAGT,116,10.3876817126,0.0349901951902
ANAAAANAAC,962,33.3120931346,0.0349115685621
ANNAAAAAAG,1680,50.6598508182,0.0348626038095
ANTACNTAGT,120,8.28414037318,0.0348337732077
TTTTTTTGGN,203,14.5148086909,0.0347723216594
AAAAAAGGNT,114,8.2440988153,0.0346628679962
AAANANAAAG,1761,54.2257664913,0.0345374131847
AANAANAGGT,177,14.3595093779,0.0345277260633
ANNAAAAAAC,822,27.5305545242,0.0344599696171
AAAANANAGC,180,8.68158860162,0.0344471298782
AANAAANAAC,972,34.6382071205,0.0343837733074
AANAAAATAC,294,14.651114278,0.0343473753019
AGAGNNTAGT,113,9.57643294787,0.034298460655
AGNGNGTAGT,112,9.54395001393,0.0342171555442
TTTTNTTTGA,370,20.7394379695,0.034209436199
AAANAAGNGT,134,8.38768774153,0.0341742071492
AAANNAAAAG,1915,60.8230870179,0.034071542509
AAAAANNACG,157,10.5865694131,0.0340220051595
AGNATCNGGT,94,8.59301309463,0.0340066382172
TTTTTTTGNA,462,30.2369165832,0.0339968933708
AAAANANAAC,1110,38.8091634188,0.0339925801451
AGTNCACANT,177,8.62280257463,0.03394239686
AAAAAAAGNG,173,10.4036956032,0.0339253350503
AAAANANCAC,185,10.8808023951,0.0338409966317
ANAATATGGT,79,8.36484574301,0.0338345864662
AAAAANNTAC,667,28.2845366244,0.0337791495096
ANAAAATTAC,161,8.28359627392,0.0337206594624
NGAGNGTAGT,112,9.48401151245,0.0337154575405
NAAANAAAAG,1771,49.3341060578,0.0337063214408
AANAANACAC,253,13.8819777433,0.0336942215123
AAANAANAGC,177,8.33731442292,0.0335809409088
AAAAAATNAC,250,11.7516869167,0.0335230628575
ANAAAAATAC,293,14.0928899386,0.033496136026
NAAAAAATAC,290,15.6322908911,0.0334058189266
AAAAAAANTC,327,15.3852675028,0.0333755912329
AAAAAANTNC,735,31.9449051607,0.0333594458616
TTTTTTNNTC,2187,74.6738323978,0.0332458548038
NNAAAAACAC,151,10.1492477102,0.0330126353933
NAAANAAAGG,456,24.7823085785,0.0329788195115
ANAAAANAGG,474,25.8767180596,0.03294147461
NANAAAAGGT,208,18.4315866646,0.0329213630058
NNTACATAGT,135,8.81046820823,0.0328977144989
ANAGAGNAGT,125,8.33602374057,0.0328564350303
AAAANANGGT,203,14.4182689789,0.0328181291817
NAAAANAAAG,1703,44.1711855555,0.0328122304169
AANNGAAAGT,130,12.114112589,0.0328
TTTTTTTNNC,2363,75.798990766,0.0327630113158
ANANAAAAAG,1820,52.5300090499,0.0327519418433
AAAAAAAAGN,1125,53.3354845198,0.0327401690368
TTTTTNTNTC,2094,69.5795900608,0.0327174488012
AAAANAATAC,299,14.5452876796,0.0326355575369
AAAANAANGG,509,29.9549461478,0.032593055299
NNAAAAAAAG,1665,41.8011262435,0.0324988425086
AAAANATTAC,194,9.26125414707,0.0324972628645
TTTTTTTGNG,185,8.34243872212,0.0324939919285
AAAANNAACC,167,9.82011198739,0.0324912024463
AGTANCTGGT,100,8.48587754634,0.0323784783686
AANNAAAGGT,179,14.7569392601,0.0323406941758
AAAANNAAGG,467,25.0558305087,0.0323335344814
AANAAANTAC,519,24.8955164802,0.0322917843198
NAAAAAANCG,144,8.25413745832,0.0322172653018
TTTTTTGNTA,305,13.6895187296,0.0322079024541
NGAGAAANGT,133,8.29301617507,0.0322066955544
AGTANCNGGT,101,8.48324887688,0.0321357122221
TACGANTNGT,181,11.9107602586,0.0321318491153
TTTTTTNTNC,2355,75.6792203603,0.0320734351673
NGTANCTGGT,107,9.05316257632,0.0320733401348
AAAANAANGC,197,10.0359574946,0.032062453308
NAAAANAAAC,959,27.8624419927,0.0320210781256
AAAAAAAATG,378,18.51433192,0.0319697302326
AAANANAAAC,1086,34.5455249455,0.0319202906647
AAAANNAAAC,1082,33.2246427121,0.0318998915233
ANNAAAAGGT,245,19.3789478129,0.0318610593947
AGAGNGTANT,124,9.67943668297,0.0318273022902
AAANANAGGT,157,10.7830113017,0.0318180874613
AGTNNCTGGT,105,8.82293272432,0.0318178929978
AANAANAAAC,974,29.4938843602,0.0318077823486
NANAAAAAAC,857,25.768692731,0.03171805757
TTTTTNTTNC,2283,72.0429206151,0.0317065453538
AAANAAANGC,203,10.1999374888,0.0316946408793
TTTTTTNTGA,402,18.716668789,0.0316536444888
TTTNNTGGGT,132,8.14936121044,0.0316049873824
TTTTTTTTTA,1795,46.0290196167,0.0315408571736
NANAAAAAAG,1720,41.6660395928,0.0315078335238
AGAGAGNANT,140,9.5586406268,0.0314655915833
AAAANANTAC,577,24.6139190851,0.0314434130813
AAAANANACC,196,12.3366205553,0.0314201130166
AAANAANGGT,188,12.3104494148,0.0313575837413
AANANAAGGT,173,12.8922818115,0.0313437857961
AANNAAAAAG,1854,48.9020579,0.031285212296
TTTTNTTGTA,336,18.1882646191,0.0312159183599
NAAAAANGGT,242,13.5234016924,0.0311957351466
GGAGAAANNT,142,8.37523908584,0.031195474626
NAANAAACAC,166,10.0387154896,0.0311769265003
ANAAAANGGT,266,17.2968465175,0.0311430944185
TTNTTTTTGA,348,17.2641156554,0.0311403325357
AAANAANAAC,1079,32.4020725894,0.0311323937131
ANAAAAGNGT,140,10.4089847312,0.0311304527978
GGAGNAAANT,138,8.72464860969,0.0311050633216
NAAAAANTAC,541,25.8357457504,0.0310304282593
AAANNAACAC,186,11.0431053485,0.0309792461181
ANAAAANCAC,185,10.554746764,0.030945353035
ANAANAAAGG,469,23.8761960179,0.0309413175357
AGNNAAAAGT,112,9.48103673032,0.0309312997573
ANNACATAGT,144,8.64684698895,0.0309246277125
AAANAANCAC,205,11.5721138698,0.030859783856
TTTTTNTTGA,346,15.8053922523,0.0308550979535
ANAAANAGGT,213,11.7747269662,0.0308541534957
ANTATCNGGT,107,8.71982924275,0.0308512907231
AGTACANANT,231,13.737806918,0.0308060574496
ANAAANACAC,247,13.2016837207,0.0307814056177
AGTANCTGGN,105,8.47828065654,0.0307541753002
NTTTTTTTGA,354,16.9495822558,0.030716141525
NTTTTTTGTA,335,18.9592972839,0.0306817806818
NNAAAAAGGT,253,16.0417334941,0.0306744452182
NAAAANAAGG,488,24.7602178755,0.0306731979134
ANAANAAGGT,194,11.8603708133,0.0306211227713
AAANNAAAGG,518,27.9814341195,0.0305685940261
TTTTTTGTNC,158,8.65383900444,0.0305393112411
AAAAANGNGT,203,10.0373475793,0.030495214112
AANAAANGGT,218,14.1018534969,0.03042965735
TTTTTNNTTC,2206,66.1085760462,0.0303780714069
AANAAANCAC,193,9.46692202073,0.030259917034
NAAANAACAC,165,8.54681615813,0.0302491711061
AAANANAAGG,498,25.0592444033,0.030190948597
NAANAAAAAC,972,26.535985269,0.030126226269
AAAAANANGC,227,10.8563000718,0.0301171396698
AAAAAANGAG,183,10.9514780572,0.030102429988
ANANAAAAAC,983,26.8318073385,0.0300859512501
AANAAAANGC,204,10.8842611589,0.0300392354537
TTNTTTTNTC,2110,59.0313301103,0.0300391336683
AAAAAANNCC,213,11.6439494615,0.0300377660922
AGANNGTAGT,129,9.10927151026,0.029987041425
ANAANAAACC,166,10.9560531546,0.0299811540158
AANAAANAGG,502,23.7163339363,0.0299631330889
TTTNTTTNTC,2167,61.4218001636,0.0299617865277
ANANAAAGGT,210,13.5610273057,0.0299135626722
AANNAAAAAC,952,26.8024115556,0.0298926778286
AGNANCTGGT,114,8.98546505391,0.0297690549724
NAAAAAANGG,554,28.606602358,0.029700152272
AAAAAAANTG,560,21.5057997893,0.0296819247284
AAANAAATGT,338,17.6564131473,0.0296460943748
NAAAAAATGT,357,20.2516733891,0.0294855738562
NAAANAAACC,153,8.49745670878,0.0294449222167
ANAAAANACC,164,10.3351110039,0.0294234685518
AAANANACAC,314,13.6754434669,0.0293468610764
AGTNTNTGGT,104,8.30786082948,0.0293433374048
TNTTTTTNTC,2185,62.6214124214,0.0293225670391
AANAAAATGT,340,16.9641137812,0.0293109678443
NTTTTTTNTC,2072,53.0947269756,0.0291228299228
NAANAAAAAG,1884,42.1415163953,0.0290784677602
AAAANAATGT,314,16.849021433,0.0289694470642
NGANAAAAGT,235,12.9241007635,0.0289602529498
NAAAAANACC,170,9.48472315864,0.0289424146488
AAANNAAGGT,148,9.6584629608,0.0288390919667
AAANAAANGG,557,29.0191564421,0.0288187885485
AAAAANNACC,196,9.67687161119,0.0288103354494
TNTTTTTTNC,2278,62.0707559773,0.0287854547163
NNTATCTGGT,112,8.67251372493,0.0287845111042
TTNTTTTTNC,2307,59.8693027116,0.0287828956139
TTTNTTTTGA,374,17.0888891376,0.0287586108852
AAANNAAAAC,1124,30.4228098143,0.0287032495433
AAANAANTAC,550,21.3550128685,0.0286229343678
ANTANCTGGT,118,8.84242182619,0.0285482068475
ANAAANAAGG,503,21.9563523688,0.0285356557114
NNAAAAAAGG,526,23.8684704444,0.0284525424747
AGTANCTNGT,112,8.345191661,0.0284326995719
AAAAANANGG,568,25.7937386667,0.028315185203
TNTTTTTTGA,393,17.8625149069,0.0282990547434
NAAANAAAAC,1038,26.1439440709,0.0282219473897
AAAANAANCC,202,13.2445012817,0.0281196194032
NAANAAAAGG,543,28.1676582395,0.0281009708976
ANAAANAACC,158,8.38242266334,0.0279670799196
AGTANNTGGT,119,8.68514046621,0.0279569892473
AAAAANTNAC,454,18.3718144723,0.0279418884826
ANAANAACAC,182,9.55100606699,0.0278900232932
AANAAANACC,182,11.3242334598,0.0278084664025
AGTATCTGNT,117,8.59962587005,0.0277943276496
NTTTTTTTNC,2217,52.8778013833,0.0277448709392
NNAAAAAACC,148,8.64464841792,0.0276764116387
AAANAAATAC,324,11.6247322277,0.0275912215003
AAAAAANAGN,1551,59.3664155647,0.027591202797
TTTNTTTTNC,2349,58.1164601086,0.0275748944059
TNTTTTNTTC,2316,60.3608981591,0.0272464259177
NNAGAAAAGT,223,10.1760678823,0.0272219033028
ANANAAACAC,205,11.3110319305,0.0270816167074
TNTTTTTGTA,354,12.7969840803,0.0269783285877
TNTTTNTTTC,2185,53.2009715708,0.0269324522504
TNTTTTTGGN,292,15.0689535626,0.0269123719963
AAANAANACG,165,8.24812223243,0.026910455749
ANANAAAAGG,560,25.0120217559,0.0268875188733
TTNTTTGTTA,249,8.32643616043,0.0268461864986
AAANANAACG,152,8.45259829563,0.0268345158837
TTNTTNTTTC,2167,50.4242318013,0.0268243502217
ANAAAAANGG,614,25.1053706419,0.0268002550611
ANAANAAAAC,1067,24.3642246836,0.0267915449435
TTNTTTNTTC,2276,52.2898099837,0.0267773724515
NAAAAAANCC,173,10.3257063097,0.0267772440983
ANAATANGGT,126,8.77271880442,0.0266970606068
ANAAAANTAC,615,22.125398084,0.026685221287
AGTATCTGNN,124,8.66725736504,0.0266810189345
TTTTTTTTNA,3235,78.3489219457,0.0266746232552
AGTATCNGNT,126,8.88309780059,0.0266587718091
TTTNTNTTTC,2224,51.4569933163,0.0266224503655
AAANTANAGT,167,8.53784222721,0.0266193231788
AGTNTCTGNT,122,8.63170403457,0.0266074337757
TTTTNTTTNC,2347,53.5169470251,0.0264200499329
ANANTAAAGT,158,8.16995903098,0.0263973893733
TNTTNTTGGA,162,8.76040703222,0.026327357011
TTTNTTNTTC,2344,54.5005289418,0.0262804965096
AAANAANACC,197,11.3145106733,0.0262684504593
TTNTTTTGTA,364,16.0220512244,0.0262293222276
AAAAANANCC,201,10.3041613053,0.0262184634222
NTTTTNTTTC,2162,47.948287267,0.0262133202055
TACNANTCGT,176,9.22278608333,0.0261332500558
ANAAAAANGC,229,8.92752300938,0.0259971980681
AANANAAAAC,1038,23.0570319637,0.0259209853036
TTTTNTTNTC,2271,50.861044312,0.0258656732499
TTTTTTTNTA,2852,63.7663936005,0.0258418842473
ANNAAAAACC,150,8.91660832206,0.0257161271583
TTTTTTNGGN,324,16.0148944816,0.0256971953368
AAAANAGGNT,175,9.41972270979,0.0256627484203
ANAAAAANCC,160,9.0155711231,0.0255374250785
AAAAAAGNNC,245,9.60328689819,0.0254274970273
TNAAANAGGT,135,9.97519276653,0.0253920836445
AAAAAAAGNT,283,12.6339999642,0.0253514031966
AAAAANATGT,372,15.9865078333,0.0253495088313
TTTTNTNTTC,2352,50.5544248615,0.0253241712251
NGTATNTGGT,134,9.13455513189,0.0252766883875
TTTTTNNGGT,202,10.4529577912,0.0252373327475
TANNAAAGGT,138,9.21327054043,0.0252277573173
NGTATCTGNT,130,8.64239162352,0.0251432851541
AANAANAAGG,557,21.2622109054,0.0251405387156
TTTTTTNTTA,2611,50.4959555755,0.0251338379416
TTTTNNTTTC,2217,45.860411436,0.0250912600416
TTTTNTTNGA,665,23.7529862578,0.025048959418
ANAAAAAATC,203,8.73158339396,0.0250036814705
ANAAANTAGT,199,9.82298542428,0.0249650100598
TTTTTTGNNC,264,11.633209661,0.0249473512632
TTTTTNTGTA,417,12.6465194931,0.0249463141154
AAAAGNANGT,183,9.26975925297,0.0249104586932
TNNTTTTTTC,2186,45.4604804024,0.0248923353528
AAAAAAANGN,2127,77.3300816215,0.0247070139788
ANAAAAATGT,393,14.0820078453,0.0246180354253
TTTTTNTGGN,321,14.4897593448,0.0245254862508
AANAAAANGG,632,22.6310384726,0.0244798420218
TTTNTTTGTA,393,15.0280826386,0.0243527887329
NTTTTTNTTC,2280,44.0562545369,0.0242977022015
AAANTNAAGT,190,10.6836352705,0.0242416088655
AAAAANATNC,830,23.7812640901,0.0241712925338
AGNATCTGNT,138,8.77137733953,0.0241338657799
TTNNTTTTTC,2240,41.9558360139,0.0241151489289
NANAAAAAGG,597,19.7733870438,0.0240087413637
TTNTTTTNGA,599,20.8233490609,0.0239746995642
AAANAAANCC,200,12.2635826583,0.0239598028563
AANNAAAAGG,594,20.0946551421,0.0239591418417
ANAAAAATNC,658,20.4206466968,0.0238469165925
AAAAAAAANT,3703,69.1553204376,0.0238189874995
AANANAAACC,180,8.15842392101,0.0237065450987
NTNTTTTTTC,2218,40.3849290844,0.0237016214683
AAAANAAAGN,1703,57.1616789736,0.0236518532316
ANNAAAAAGG,611,20.4870991464,0.0236331773441
AGNAAAANGT,177,9.60543948438,0.02360981793
AANAANTTAC,298,10.4998293665,0.0235900464687
NAAAANTTAC,298,10.200189205,0.0235790699367
AANTNAAAGT,243,10.5165341372,0.0235413572472
ANAATANAGT,223,9.49642562494,0.0235273418672
NAAAAAATNC,676,21.001837848,0.0235163385416
AANANAAAGG,554,17.5921594741,0.0234629992366
ANAAANTTAC,309,11.6950506902,0.0234459666346
TTTTTTGTNA,320,9.32825314396,0.02339224421
AAAANNTAGT,211,8.59187890472,0.0233814080094
NAANGAAAGT,154,8.36404779559,0.0233724753572
NAAATANAGT,188,9.78308901028,0.0233680559071
ANANTATGGT,158,9.92886133839,0.0233124382128
TTNTNTTTTC,2228,39.4472599853,0.0232479125423
AAAANAATNC,702,21.7197236847,0.0232296255067
TTTTNNTTGA,564,17.0898453569,0.0231762315824
TTTTTTNNGA,762,24.4588232568,0.0230976576872
AAAANTNAGT,213,8.95968421965,0.0230418647383
TTNTTTTGGN,297,13.0174857077,0.0230202821869
TTTTTTNGNA,763,28.4769466573,0.0229632343013
TTTTTNGTNC,233,8.39219156713,0.0229159044357
AANNAATTAC,254,9.14198417707,0.0229102790979
NTTTTTTNGA,643,21.0611380739,0.0229033046434
TTTNNTTTTC,2303,41.1627225577,0.0228809899035
TTTTTTTTCA,336,9.43469004367,0.0228697489012
TNTTTTTNGA,675,22.850818717,0.0228443271005
TNTTNTTTTC,2357,44.5697299459,0.0228282039089
AANAAANTGT,548,20.6857622112,0.0227920695096
ANATNAAAGT,279,10.9866172124,0.0226926182269
ANANGAAAGT,168,8.20290047964,0.0226086579899
ANAAAAANTC,510,16.4225004487,0.0226048995021
TNTNTTTTTC,2347,42.3864996238,0.0225965183304
NANATAAAGT,239,11.3521478329,0.0225650841957
TTTNTTTGGN,305,11.566997038,0.0225462680354
NAANAAAACC,181,8.317686733,0.0225085187143
TTTTNTTGGN,314,12.2169812183,0.0224968481172
AAAANNATAC,655,16.6781421454,0.0224423267071
AAAANNTTAC,357,11.7160437652,0.0223795180611
TNTTTTNGGA,185,8.39518016629,0.0223622357055
AANAAAATNC,679,18.2606549883,0.0223582473227
NNTTTTTTTC,2254,38.159352849,0.0223441753954
ANNTAAAAGT,279,10.1339377977,0.0223028404108
TTTTTTTGTN,804,23.8397567266,0.0222652381813
AAANAAAAGN,1771,54.4961824158,0.0222447314927
AAAAAAAAAT,2481,34.9862272037,0.0221928515708
AANAAAANCC,198,9.79004634379,0.0221920845609
AANAANAACG,188,8.63295466085,0.0221892857731
TTTNTTTNGA,645,19.4087862151,0.0221529123794
AAAAANAAGN,1693,50.3309160219,0.0221388477496
NANAAATTAC,280,8.77640716267,0.0221166887832
ANAAAAAAGN,1720,52.084948696,0.0221068342858
AAAAAAGNNG,389,11.5458671442,0.0221054794872
NTTTTTTGGN,325,14.9738581996,0.0220438098487
AAAAAANNTC,600,14.512833398,0.0220338102696
ANTANATAGT,258,9.82195081979,0.022018249831
AAAATNNAGT,231,9.26289500045,0.0219933554817
ANATAANAGT,322,12.5317525889,0.021991350206
ANANAATAGT,260,10.152640543,0.0219885093351
TTTTTNTTTA,2611,40.4899843924,0.0219390704742
AAAAAANATG,639,17.4648429845,0.0218086750738
AAANAANTGT,592,18.9274477469,0.0218011341985
ANAATNTGGT,159,10.6712026412,0.0217948717949
AAANANTTAC,357,12.8138739649,0.0217833095363
AAAANAANTC,575,16.4573408643,0.0217216357607
TTTTTNGNTA,497,13.5027652284,0.0217130888083
TTTTNTNGTA,560,19.8629261202,0.0217055053309
AAAAANNTGT,640,21.3206300428,0.0216655175756
AAAAANAATC,221,8.13687308911,0.0216582686973
NAAAAAAAGN,1665,47.6878685942,0.0216104117598
TTTTTNTNGA,653,18.9599326453,0.0215834167669
AAAAANTNGT,372,13.572433243,0.0215519761521
AAAANAAATC,241,8.15597843686,0.0214901111088
ANAANATGGT,219,10.3696772424,0.0214819883555
NTTTTTNGTA,553,19.9501228287,0.0214733474004
AAAAAAANNT,6013,113.966493159,0.0214666288943
NTTNTTTTTC,2258,34.2103926461,0.0214324719857
ANNAAAATAC,492,13.2889961689,0.0214291731536
NAAAANTAGT,218,8.29028441249,0.0214288872552
TNTTTTTTTA,2520,36.7519147069,0.0212765600739
AANATANAGT,237,9.27908756146,0.0212463415755
TTTNTTNGGT,211,9.71577294078,0.0212449269733
TTTTTTTNNA,5477,111.70513722,0.0212047318846
NANAAAATAC,530,15.6926750058,0.0212038771917
AAAAANTTNC,411,10.5871403138,0.0211740890688
NAAAAAANTC,538,14.8186315332,0.0211236103338
AANNAAATGT,635,19.9823021953,0.0210818148781
NTTTNTTTTC,2251,32.7771505879,0.0209612947627
AAAANANTGT,549,20.6156685212,0.0209587464945
ATANAANAGT,279,9.82828530057,0.0209486630298
ANAAANATAC,698,16.3790125832,0.0209147781488
NTTTTTTTTA,2519,36.2988366349,0.0208583464005
AAANNATTAC,354,11.0175414196,0.0208293451495
AAAAAANGNG,400,14.8481181784,0.020694322428
TTTTTTTTGN,1017,25.4460599901,0.0206909204202
NAAAANATAC,676,15.744928361,0.0206290158945
TTTNNTTTGA,602,17.1550894961,0.0206054776652
TTTTNTTGNA,758,22.2026104489,0.0205017407763
AANAAAANTC,513,13.1423919052,0.020494164818
NAAAAANTGT,600,19.5464485464,0.0204783784169
AAANAAAGNG,284,9.65713354945,0.0204664315067
AAAANATNAC,561,15.7588705878,0.0204613700445
ATNAANAAGT,307,9.69514305677,0.0204602952696
AAANAAATNC,714,17.1811373605,0.0203857459352
TTNTTTNGGT,201,8.88376954234,0.0202533927026
TTTTTTNTNA,4991,86.9631587412,0.0202299835837
AAAAAATNNC,543,11.6369863663,0.0201360609013
TTNTTTGNTA,532,13.7657909283,0.0201231325816
TTTTTTTNGN,1528,40.2146694992,0.0200834058372
AAAAAANNTG,1038,23.8254734345,0.0200606231835
TTNTNTTTGA,590,15.6609984549,0.0200549450549
ANAAAAAATG,654,17.7748685281,0.0199427610212
AAAAAAANAT,3951,56.662465218,0.0199042088435
AANAANATAC,694,14.6560891455,0.019878331976
GGANAAAANT,273,8.71151283109,0.0198782849616
NTTTNTTTGA,623,16.3516774131,0.0198564872687
AAANGAANGT,205,9.26868013524,0.0198321607364
ANAANATAGT,230,8.13099328508,0.0198320965557
AAAAAAAGTN,282,10.3287174348,0.0198166304251
AANAAAAAGN,1884,50.7989496853,0.0198060575686
NAAAATNAGT,251,9.23197812242,0.0197535676806
ANAAAAGGNT,264,8.9856706935,0.0196034653178
AAAAANAATG,614,14.3697390402,0.0195978005396
TTTTTTNNTA,4576,73.8789442177,0.0195711903318
AANANAATAC,593,14.4893472862,0.0195428766698
AANATNAAGT,234,8.86921922044,0.0195195436556
AAAAANNGAG,296,10.0067626023,0.0195129612601
AAAAAANANT,5222,79.6668718667,0.0194791495903
NAANAAATGT,686,20.6676187256,0.0194340727079
TTNTTTTTTA,2636,33.3585120099,0.0194306905546
ANANAATTAC,316,8.84403103742,0.0194066672
AANGAAANGT,231,9.14060784789,0.0193998553155
AAANAAANTC,522,12.683363471,0.0193930954707
TTTTTNNGTA,655,14.3990004781,0.0193775959252
TNTTTTGTNC,326,9.58585385551,0.0193598173626
NNTTTTTGGA,196,8.49342602883,0.0193520182036
NAAANAATAC,533,14.55316274,0.0192952012663
AATNNAAAGT,268,9.04265673371,0.0192628786574
AAAAANANTC,570,12.5298800166,0.0192437182251
TTTNTNTGGT,227,8.94330976705,0.0192419137116
AAAANAAATG,612,14.2266683453,0.0191951636671
NAAAAAAATG,625,15.0799194398,0.0191844922401
AANAAAAGNG,319,10.9696093527,0.0191777041404
TTTNTTTTTA,2765,36.5556607784,0.0191588775571
AAAAAANAAT,3327,40.2328489464,0.0190427493544
NTTTTTTGNA,809,23.7675615634,0.0189497794783
AAANAATTNC,379,9.66459737913,0.0189088588696
TTNTTTGTNC,311,9.87702887333,0.0188957709841
AAANNAATGT,578,16.4714564958,0.0187841506888
TTTTTTTGNN,1487,38.1497461456,0.0187691395528
TNTTTTTGNA,783,19.024401914,0.0187265786235
ATNNAAAAGT,321,8.62940555923,0.0187220559689
AAAANANGAG,295,9.95873193153,0.0187123475362
TTTTNNTGGT,236,8.69275166661,0.0186983626692
ATANANAAGT,361,9.9152315035,0.0186620343849
TTNTTTNTGA,640,14.7110236636,0.0186286060423
NAAANAATGT,665,19.7108079203,0.0185400468496
TNTTTTNGTA,565,12.8491860114,0.0184841785373
TTTTTTTNCA,557,12.2907160445,0.0184742319191
NNAAAAATAC,510,11.8038412696,0.0184739768317
ANNATATGGT,192,8.25350361866,0.0184165782255
ANTNAAAAGT,286,8.41744994406,0.0184010910298
ANNAAAAATC,342,11.205275753,0.0183998482055
ANAAAANGAG,324,11.3735002163,0.0183922388628
NAAAAAGGNT,307,9.74445506153,0.0183100073661
TTTNTNTTGA,598,14.2789338257,0.0182768861547
ANGAAAANGT,281,8.88889155157,0.01826420365
ANAAAATNAC,478,10.6141050965,0.0182453349643
ANAAAAAGNG,330,10.7708064428,0.0181641205099
TTTTTTNTCA,558,11.8159133032,0.0181027745814
TNTTNTTTGA,662,15.4520133032,0.018097682559
AANANAATGT,628,16.3146850857,0.0180657066745
ANNAAAATGT,753,17.9212627478,0.0180628854365
NAAAAATNAC,437,8.55153114785,0.0180367018602
AAAAANAANT,5296,70.4740889899,0.0180287717763
AAANAANGAG,318,10.3846319715,0.0180233579206
NANAAAATGT,738,18.2462763452,0.0179565000052
TTTNTTNTGA,701,15.6635588093,0.0179329655518
TTNTTTTGNA,807,21.0426460636,0.0178952443928
TTNTTNTTGA,571,12.5990390943,0.0178522241085
TTTNTTNGTA,616,14.8276346318,0.0178474775731
AAAANAANTG,947,19.0038133269,0.0178110588054
NTNTTTTTGA,595,13.7976229102,0.0178108168838
TTTNTTTGNA,829,21.2960769188,0.0177799256433
TTTTTTCTNA,362,8.49826271816,0.0177505867963
TTTTTNNTGA,696,14.2515369638,0.0176729629319
AAANAAAATG,684,13.3966462769,0.017661463116
TTNTTTNGTA,585,14.0599427751,0.0176090979214
TTTTNTNTGA,750,14.9564982984,0.0175304074278
TTTTTNTTNA,4801,64.2014709647,0.0174914038678
NTTTTTGNTA,531,11.0483506546,0.0174608500424
NTTTTTTTNA,4756,65.9637221167,0.0174510985825
NTTTTTNTGA,715,15.3128583003,0.0174129190118
AAAAANAAAT,3469,36.1070546403,0.017398985892
AAAANATTNC,483,10.2576877447,0.0173756224736
AAAANATNGT,398,11.9841088061,0.0173693315468
ANAANAATAC,630,13.1110746745,0.0173421371182
TTTTTTNGTN,1180,26.7595913908,0.0172616850177
ANAAAANTGT,661,14.5461800354,0.0172582146112
TTNTTNTGGT,247,9.31148761686,0.0172313162285
AANAANATGT,766,19.3418259615,0.0172143758809
AAAAAAGNGN,315,8.1792481825,0.0171779331418
AATNANAAGT,292,8.75893685706,0.017169505111
TTTTTNTGNA,918,18.9803709464,0.0171632355236
NAAAAAANTG,962,19.3385913223,0.017115626827
NATATANAGT,323,9.69959855846,0.0170962252667
AAAAAANGNT,783,19.4004168819,0.0170615642793
AANAAAAGNT,527,14.540002036,0.0170552636856
AAANAAAGNT,502,13.9803973999,0.0170349926451
NATANAAAGT,324,8.90833947227,0.0170343480088
AANNAAATAC,533,9.37284009007,0.016998706352
AANTAAANGT,331,8.35995038653,0.016980383955
AANAAANGAG,329,10.1985628628,0.0169792508465
NAAAAAAGNT,529,14.6614274036,0.0169782480592
AAAAANANTG,937,16.2548633207,0.0169781120087
AAAANNATGT,707,18.2132008698,0.0169573342595
TNTTTTTTNA,4866,64.5198598984,0.0169334086794
NTTTTTGTNC,298,8.25060676403,0.016921825386
TTTNTTTTNA,4907,65.7198038769,0.016906742556
NNAAAAATGT,775,17.4262535621,0.016899491475
TNNTTTTTGA,610,13.3575957326,0.0168392239574
TTNNTTTTGA,606,13.0759863566,0.0167200327713
TTNTTTTTNA,4833,60.1489055019,0.0165741518683
AANAAATNAC,484,9.67861299657,0.0165451708864
AAAAAAATNT,1779,35.9754629643,0.0164543532777
NAANAAATAC,554,10.7097566002,0.0164134817711
NNATAAAAGT,337,8.23507911873,0.0164021134016
AAAAAANNAT,5796,69.4324000457,0.0164003961851
TTTTTNNTTA,3941,40.6603473453,0.0163948605644
TTTTTNTNTA,4794,56.4939055371,0.0163545234965
ANAAAAANTG,998,18.0854193939,0.0163483629567
TTTNNTTGTA,632,13.3772727597,0.0162028106917
TTTNTTGNTA,507,8.75536710124,0.0161844509891
AAANAAANTG,1013,17.423640347,0.0161798204973
TTTTTTGNNA,771,14.9822419913,0.0161732497704
TTTNTNTAGT,274,9.03242805084,0.0161390656967
AAAAANAGNT,511,10.5654383071,0.0161221544533
ANANAAATAC,641,10.3930485348,0.0161009865475
AAANAAAANT,5361,58.9106358588,0.0160958487634
AANAAAAATG,686,12.4288657893,0.0160827317034
NAAAANATGT,806,19.3786088939,0.0160591513981
NTTTTNTTGA,606,10.5504582623,0.016054174254
NNTTTTTTGA,649,13.0644583382,0.0160522763696
NAAAAAAANT,5127,54.7289204564,0.0160458355148
TANATANAGT,280,8.84786875039,0.016034396868
ANATANAAGT,383,8.58419709557,0.0160221481017
AAAANNAATC,420,10.9933103908,0.0159838282955
AAAAAAAATT,977,17.7184445837,0.0159717513023
TTTTTTNTGN,1594,29.0978053298,0.0159541519171
AANAAATNGT,366,9.02968679378,0.0159254143452
AAAAAAAGGN,300,8.68287873934,0.0158986312832
AANAAAAANT,5225,54.7190866311,0.015864479612
NTTTNTTGTA,622,13.0186160667,0.0158068398537
NTTTTTTNTA,4363,50.292936001,0.0157998626123
AAAANAAANT,5617,57.1060375916,0.0157919013474
TATNTANAGT,310,9.99452676411,0.015763636592
TTTTNTTTTA,2912,23.3426564557,0.0157563227196
TNTTTNTTGA,635,11.7867038086,0.015728589708
ANANAAATGT,835,16.7798252077,0.0156360128039
ANAANAATGT,788,16.6597706987,0.0156292245168
AATNAAANGT,373,9.21727953324,0.01559365326
AAAAAANGAT,390,8.87717243603,0.0155766820228
ANAAAATNGT,422,10.0081924495,0.0155235669338
TATNTNTAGT,293,9.09659729445,0.0155084261829
AAANNAATAC,585,9.40353105935,0.0154768814084
TATANNTAGT,287,8.1266767638,0.0154559670263
AAANANATGT,859,18.4679598,0.0153834736615
TTTTNTTTNA,5100,50.7370945402,0.0153789068009
AAAAAAAACN,560,12.3674909104,0.0153379926413
AAAAAANTNG,630,9.14850574852,0.0152992472999
TTTNTAANGT,320,10.4941913005,0.0152954016527
ANAAAAAANT,5155,50.2626184967,0.015293786413
AAAAAAATGN,625,14.3563871686,0.0152466577861
AAANAATNGT,394,9.33581264927,0.0152316038943
TTNTNTTGTA,646,12.5880322147,0.015203037983
TNTTTTTNTA,4562,47.6598548121,0.0151518364509
TNTTTANAGT,228,8.43944687759,0.0151342537702
ANAAANATGT,857,17.4035758403,0.0151277367077
AAAAANNAAT,4975,45.9696537298,0.015066538023
NNAAAAAATC,409,9.76926967818,0.0150551607478
NATTAAANGT,284,8.22370946783,0.0150295364737
TTNTTTTNTA,4546,47.2039361704,0.0150104459656
ANAAAANATC,451,9.58129212158,0.0149587490124
AAAAAAACAN,538,9.97042977205,0.0149505485278
ANAANAAATC,448,11.2026066117,0.0149450549711
AAAATANNGT,368,10.6838884096,0.0149381957564
TTTTNTTTCA,552,8.27058925202,0.0149239372389
ANAAAAAGNT,610,12.7085291978,0.0148966508053
AAAAANNATC,495,10.7879671559,0.0148560872494
ATNAAAANGT,553,10.2473508182,0.0148509077163
AAAAAAATAT,1198,19.5188649908,0.0148147118856
AAAAATNNGT,466,8.57343746069,0.0148100405874
AAAAAAACNN,811,14.5889417364,0.0148020357689
TNTNTTTTGA,708,12.0106058816,0.0146743262039
TTNTTTGTNA,566,9.28371254936,0.0146563675975
TTTTNTTGTN,1250,22.3046224364,0.0145339948296
AANANAAATC,424,9.23039994798,0.0145318977278
TNTTTTTTCA,546,9.06420831353,0.0145180486042
AAANTAANGT,268,8.22465951885,0.0145147315689
NTTNTTTTGA,693,12.4011604429,0.0145094634999
AANAAAANTG,1064,15.3564971339,0.0144928404514
TTNTTTTTGN,1460,24.3102831644,0.0144457745109
ATAAANANGT,558,10.1207451296,0.0144221201257
AAATNAANGT,356,8.41986132536,0.0144097280361
NAAAAANATC,476,8.62496729185,0.0143891212289
NTNTTTTGTA,690,12.4802203087,0.0143612534906
AAAAAANGGN,554,12.6230885668,0.0143517423269
TAANATNAGT,250,8.59855644135,0.0143402111972
NAAAAAAAAT,3357,24.3325777761,0.0143237827851
NTTTTTNTTA,4085,35.4063257765,0.0143075240543
AAAAAAGGNN,526,11.9039532213,0.0142867154162
TTTTNNTGTA,672,9.00961210699,0.0142718820028
TTTTNTTTGN,1495,24.0576341956,0.0142628586058
NAANAATAGT,401,9.30740130916,0.0141578917464
AAANAAAAAT,3515,25.8268961213,0.0140565987121
TNTTNTTGTA,622,8.61363195945,0.0140553205179
ANAAANAATC,405,9.66089356621,0.0140360558107
TNTTTTNTGA,747,10.5952604632,0.0140270873642
AANAAAAAAT,3406,23.9318630016,0.0140017190138
TTTNTTTNTA,4893,46.53964812,0.0139056530255
TAANANAGGT,317,9.19280444515,0.013900385961
AAAAANANAT,6915,64.1220531358,0.0138811158421
NTTTTTTGTN,1236,21.8426380983,0.0138711725911
TTTTTNNAGT,398,10.5993025415,0.0138396489037
NNTTTTTGTA,663,10.2821884049,0.0137916021188
AAANANATAC,967,10.2230253663,0.013771835263
ATANAAANGT,589,9.49401717975,0.013764713733
AAAANAAGNT,525,9.44952743993,0.0137453099154
TNTTTTTTGN,1477,22.7738068532,0.0137331281519
TNTTTNTAGT,291,9.59201227768,0.0137310956493
TTTTTNTTGN,1440,20.5321527486,0.0136088073257
NTTTTTTTGN,1487,22.7724906267,0.0135720788336
ANAAAAAAAT,3336,21.7158966443,0.0135702360777
NTTTTAANGT,270,8.94807770579,0.0135588327477
AAAAAAANTT,1480,23.4928868069,0.0135451100969
TTTTNTTNTA,4812,37.5423665779,0.0134956515566
AAAATNANGT,406,10.6187313185,0.0134759359474
ANATAAANGT,500,10.22279879,0.013448146295
AAAAANAGGN,445,9.29192708162,0.0133954554818
TTTNTTNTTA,4538,36.8159267766,0.0133866939238
AAAANAAAAT,3818,24.2146002072,0.0133760383311
TNTTTTNTTA,4188,31.1237653849,0.0133565872131
AAAAAANTNT,2882,46.9426167998,0.0133077592531
TTTTTANNGT,383,10.6939950194,0.0132912566712
TTTTTTNNCA,1012,12.9535386279,0.0132904220471
NAAANAAATC,465,9.11446297619,0.0132248404717
ATNAATANGT,365,9.55705586432,0.0131638374768
NTTTTTTTCA,609,8.80402144562,0.0131232310897
TTNTTTNTTA,4274,30.9549980674,0.0131123674255
AAAAAANTGN,962,18.3906081035,0.0131113055418
TTNNTTTGTA,672,10.2302083221,0.0130947552952
NAAAAAAGGN,526,12.5192938343,0.013070690618
TTTNTTTTGN,1564,23.3786006964,0.0130329904373
NTTTTNTGTA,744,10.3860349944,0.0129651860744
AAAAAANACN,1011,17.5288646006,0.012951359496
NAAAANAATC,453,9.04948736655,0.0128997850861
AAANAAAGGN,456,9.89955049249,0.0128481775799
TTTTTTTTAA,865,12.5801036207,0.0128391232134
AAAAAANTAT,1817,25.6055834993,0.0127607100333
TNTTTTTGTN,1279,17.4586187846,0.0127566681938
NATATAANGT,374,8.44177255614,0.0127498045707
TTTTNAANGT,388,8.74594224942,0.0127495191195
ANAAAAAGGN,597,11.2983769851,0.0127310195479
NNTTTTTTTA,3777,26.0880712334,0.0126589195691
AAAAANNATG,1201,15.7634688289,0.0126119606194
NAAAAAAATT,1376,19.7771101555,0.0125997572781
AANATAANGT,365,8.43066757856,0.012589776742
ATATAANNGT,442,8.88115976062,0.0124369376828
ANAATAANGT,422,9.43668839063,0.0124208489709
NTTNTTTGTA,706,10.5379619401,0.0123994987156
TTTTTNTGTN,1384,16.0192404131,0.0123240592307
NTTTTNTTTA,4086,27.0284330731,0.0122573404614
NAAAAAANAT,5827,41.4821089742,0.0122059403678
AAAANANATG,1259,15.4055193443,0.0121822926616
TTTTNTNTTA,4379,25.3864895848,0.0121798951327
AAAANAAATT,1374,18.8160608875,0.0121619017978
TAAAANANGT,453,9.57851998125,0.0121586559025
AAANAAAATT,1406,18.1405737176,0.012128606988
AAAANAANAT,6292,42.0527594673,0.0120468170325
AAAANAAGGN,488,9.83517164922,0.0120000222027
TTTTTTGNTN,1108,12.2411773549,0.0119807925347
AANAANAATC,461,8.97369530867,0.011945253159
TATATANNGT,559,10.96059415,0.0119226403892
TAAAATNNGT,330,8.55475508426,0.0118086789292
TTTNTTTGTN,1424,18.9715801163,0.0117863448662
TTTTTTGTNN,1236,13.8749910779,0.0117444521993
NTAAATANGT,359,9.18752204055,0.0117060254578
AAAAANACAN,1034,12.0869394767,0.0117000466933
AAAANNAATG,1010,11.8279824272,0.0115838114905
ANAAAANATG,1216,14.0983381213,0.0115815273641
TNNTTTTTTA,4004,23.5018467609,0.0115661333302
AAAAAANATT,1489,18.9718088451,0.0115584216208
TTTTTTTNGT,790,14.9110456604,0.0115499725695
TTTTNTTNCA,978,10.2717213326,0.011542812139
ANANAAAATG,1231,14.6790898335,0.0115373825581
NAAAANAATG,1107,13.4231420965,0.0114619655576
TTNTTTTGTN,1405,19.2784629409,0.011447376381
AAANAAANAT,6403,43.0173699064,0.0114394097772
NTTNTTTTTA,4246,26.6149029267,0.0114353894351
AAAAAAANCN,961,13.2066959103,0.0114252141269
NAAAAANATG,1212,13.4626383353,0.0113606963508
ANAAATANGT,529,8.86673354525,0.0113452444901
ANAANAAATG,1089,12.4417308901,0.0113152808822
AANAAAANAT,5926,36.5922086436,0.0113079087146
ANAAANAATG,1118,12.9141458245,0.0112709491102
ANAAAAANAT,6053,37.2693743953,0.0112448229277
AAAAAATANT,1094,10.9285100087,0.0112086423465
AAAAANAATT,1414,17.07872424,0.0111653310645
TTTTNNTTTA,4265,21.4403454839,0.0111524020064
TANAAAANGT,510,8.53932688156,0.0111419682829
AAAAAAAATN,3357,38.9711336134,0.0111368447035
NNAAAAAATG,1198,14.4543136807,0.011042575471
AANAAAAATT,1371,15.3795288342,0.0110419663154
TTTNTNTTTA,4485,25.0780621458,0.0110162913674
TANCTNAGGT,255,8.53061656397,0.011010617381
AAANANAATG,1142,11.4816739653,0.0109814918009
AANAAAAGGN,543,9.80492151311,0.0109434652741
TTNTTNTTTA,4258,22.8605563954,0.0109381986637
AAAAAAANTN,5127,57.3648686315,0.0109023832714
TTNNTTTTTA,4208,23.2711070614,0.0109010465393
TTTTTNTNGT,1169,21.0145298396,0.0108934085928
AAAANAAGTN,491,8.15898576167,0.0107984643458
AAAANANAAT,5377,26.5270297162,0.0107851713324
NAAAAANAAT,5039,26.1618536534,0.0107757625993
NTNTTTTTTA,4146,21.7430097438,0.0107137665953
AANAAANAAT,5059,25.726221881,0.0107076826926
NAAAAAAGTN,530,9.73133717129,0.0106642786529
AAAAAAATAN,2814,31.35137776,0.0106164297465
TTTTTTNNGT,1277,19.0983316259,0.0105902779841
AAAAAAATNN,5042,56.0840148948,0.0105620202641
AAAANAATNT,3052,35.9700110964,0.0105446752357
TNAAAAAGNT,393,8.30134599827,0.0104874690884
TTTTTTTANA,1338,15.786843731,0.0104544905147
AAANNAAATG,1130,10.2896518815,0.0104128841007
AAAAANAACN,923,10.8589846536,0.0103939576239
NAAAAAATNT,3053,34.566211266,0.0103891204136
TATNTATNGT,537,8.76756777978,0.010374980536
ANAAAAAATT,1401,14.3207078464,0.0103689799721
AAAAAAAGNN,1665,20.9380138805,0.0103625178486
AAANAAATGN,1106,14.9443212266,0.0103565275801
TNAAATANGT,351,8.56119292507,0.0103495442984
TTTTTTTNAA,1669,20.3037825415,0.0103252750407
AAANAANGAT,802,9.93188067069,0.0102382393545
TANATATNGT,504,8.17970250305,0.0102202467009
AAAAANATAT,2863,28.0371037561,0.0102101694409
AAAANAATAT,1901,19.3904204059,0.0102075099488
AAAAAATTAN,1138,14.2242142428,0.0102036477036
AAAAAANTAN,4250,46.0406986982,0.0101764328399
AAAANAATGN,1107,15.8716792823,0.0101211721313
ATNANAATGT,621,8.36479499305,0.0101038976771
NAAAAAAACN,811,9.22196405777,0.0100708065244
AAANAANATG,1269,11.3109769405,0.0100623319314
TTTTTTTTTN,24435,221.572818629,0.0100454582922
AAANAANAAT,5528,26.6500375664,0.0100328769762
ANAAAANAAT,5119,22.9778714967,0.00999764628573
AAAAAANCAN,930,9.5750642776,0.00995185749422
TATATNTNGT,652,9.13202415651,0.00993725514038
AAAAANATNT,4242,44.2267676822,0.00992620749862
NAAAAAATGN,1198,16.9343394751,0.0099254784804
AAAAAATNAT,1345,11.7058237706,0.00989604339203
TTTNTTTTAA,1248,13.2047253788,0.00989055894536
NAAANAAATG,1106,9.43687700785,0.00988714298286
ANNAAAAATG,1199,11.4861748256,0.00985460424142
NAAAAAANTT,2277,25.7469240371,0.00983536035245
TNTNTTTTTA,4490,20.1211679523,0.00981288117749
TTTTTTTTNN,29477,253.887528242,0.00976553967696
AAAAAANNTT,2522,28.4937622577,0.00972380495354
NTTTNTTTTA,4335,17.3059013908,0.00970738145503
TATNANATGT,679,9.59256881871,0.00969103555327
TTTTTTTNTN,28494,248.577495776,0.00968879263327
TNTTTTNTCA,978,8.86959470436,0.00967699227517
NAAAAANGAT,806,9.5408132648,0.00965362568219
AAAAANGNAT,951,9.09750205719,0.00964750583189
ANAAAAATNT,3295,31.8222018332,0.00959568300828
TNTTTTTNCA,1024,9.00399199866,0.00959168363519
AAAANNAAAT,5496,21.5979227298,0.00958788267881
TNTTNTTTCA,942,8.37006466771,0.00957988571293
TTTTTNTTAA,1243,12.7330332447,0.00957205400583
NTTTTTTTAA,1274,12.4319330491,0.00954552047504
TTTTNTTTAA,1266,12.7733988636,0.00953355408739
NAAAANAAAT,5135,20.7628493793,0.00953246226309
AAAAAATNNT,2462,23.7966518806,0.00952306082345
TTNTTTTTAA,1295,13.4923767501,0.00947984891737
AAAAANGTNT,598,8.30150927801,0.00947912881712
AAAAAANGTN,775,9.96589016615,0.00947758056197
AANAAAATNT,2993,27.4301512172,0.00940889630214
AAANAAANTT,2249,22.439039995,0.00938630375791
TTTTTTNTAA,1420,15.0232211751,0.00938340318628
AANAANAAAT,5279,20.7765848536,0.00933525627096
TTTNTTNTCA,1013,8.71837937676,0.00930106609348
AAAAAAAANN,29477,228.680202745,0.00929259926304
ANNATAATGT,510,8.860680912,0.00927850804998
TAANATANGT,661,10.4154700999,0.00923931003648
TTTTTTNTTN,28129,217.930228306,0.00916755314992
ANAAAAAACN,857,9.38356491656,0.00916255706575
TAACNNAGGT,389,8.62956018581,0.00913868920991
AAAAAATTNT,881,11.2358308698,0.00913778811709
AAAAANNTAT,4046,35.122397691,0.00913530341349
AAANANAAAT,5505,21.4925830316,0.00910136652548
TNANATATGT,778,12.2142927009,0.00904721719645
AANAAANATG,1242,9.35794310446,0.00903955864201
TTNTNTTTTA,4493,15.6941609741,0.00903308444442
NAANAAAATG,1247,9.28002207507,0.00902528170034
NTTTTTNTCA,1113,9.29102756296,0.00901760647007
AANAAAANTT,2251,21.4740020716,0.0090098668507
TTTNTTTNGT,1246,17.7452880363,0.00894534732806
AANAAAAACN,972,10.0920775317,0.00893674136004
AAAANAANTT,2388,22.8789636327,0.00884482425227
AAANAAATNT,3395,28.8261784071,0.00881687186628
AAAANAAACN,959,8.89605969348,0.00878795110866
NAAAAAATAT,1977,15.5947278341,0.00876747417853
TTTTTNTTTN,28340,208.821465026,0.00874721712075
NAAAAAACAN,884,8.32299459253,0.0087423771857
TNTTTTTNGT,1127,14.8837696195,0.00872623821053
ANAAAAATAT,2135,16.8172389462,0.00872042837581
TTTNNTTTTA,4458,14.5782928662,0.00871418455939
AANANAAATG,1195,8.87207764339,0.00865820295969
NAANAAAATT,2242,20.0849317204,0.00862627505148
TNTTNTTTTA,4483,14.2275861204,0.00862385405489
AAANNAAATT,2131,18.4120053503,0.00858370060744
AANNAAAATG,1202,8.46021465918,0.00856647251202
AAANAAACAN,1026,9.38693119815,0.00856234375049
NANAATATGT,726,9.19138909614,0.00854127031517
AANNAAAATT,2084,16.8172564186,0.00853933847083
AAAAAAATTN,1376,10.4463614534,0.00849471702153
AANAAAATGN,1247,12.3619289654,0.00848773612821
AAANNAAAAT,5453,17.6062043063,0.0084851380495
TANNATATGT,776,10.028013575,0.00846091839948
AANNAAAAAT,5018,16.758407868,0.00845947041125
TTTTTTNTGT,859,9.71036175953,0.0084541645884
AAAAANATGN,1212,11.1939844826,0.0084342418779
AAAAANTANT,1869,12.6802409077,0.00837005778124
TTNTTTTTTN,28232,189.194231248,0.00832502474124
TTTNTTTTTN,28541,193.866200181,0.00831614239475
NAAANAAATT,2251,19.9714879644,0.00831431533799
AAAAAATTNN,2228,19.7297637783,0.00829279055616
ANAAAAANTT,2361,20.2781567682,0.0082853994837
TNATATANGT,737,8.66939061478,0.00824717908348
TTTTTTNATA,1337,9.78679884789,0.00823607876298
NANAAAAATG,1287,8.58325973043,0.00819114082886
TTNTTTTNGT,1166,13.9263808001,0.00817039387564
TNTTTTTTTN,28780,191.089119486,0.00816447223523
AAAAAAANAN,28780,183.145168156,0.00815079415856
NATNATATGT,784,10.6975508312,0.00812968783074
TATTTATATT,767,9.67105185822,0.00809233852253
AAAAANATAN,5605,39.6093660901,0.00803242980041
ANAAAAATGN,1287,11.219898592,0.00802790594193
NTTTTTTNGT,1180,14.1704687933,0.00802070090294
NAAAANAATT,2329,19.7400379304,0.00801527888377
AAAANNAATT,2196,18.3820496215,0.00797235060449
AAAANANTAT,3093,22.3743999296,0.00794603294179
NNAAAAAATT,2228,17.318506966,0.00793436059371
AAAANNATAT,4358,31.275001972,0.00790778789258
AANANAAAAT,5465,14.7173700899,0.00779925437837
NANTATATGT,818,9.41129862175,0.00779231020639
AAAAATATAT,1391,9.70002088204,0.00775134562641
AAANAANATT,2477,19.3579020919,0.00773558595624
AAAAANANTT,2567,21.1716819829,0.00772331832029
AAAAANAATN,5039,37.2033018846,0.00771991618976
AAAAAAAAAN,24435,138.940846603,0.00771771093475
NAAAAAAATN,5042,37.0610871195,0.00771420603522
TTTTTNNTGT,1272,13.2691555159,0.00771329473492
NTTTTTTTTN,29477,176.20265921,0.00769041073611
TTTTNTTNGT,1205,12.0942391789,0.00767858514993
TTTTNTTTTN,28894,159.464622443,0.00767183244872
AAAAAANATN,5827,40.1427518366,0.0076500396901
AANAANAATG,1455,10.2106364915,0.00764131962845
TTTNTTTNAA,2596,22.3472038897,0.0076360011981
NAAAAANATT,2584,20.3446575704,0.00760714298307
AANAAAATAT,1945,11.6557764245,0.00758317401252
AAANANAATT,2256,16.4780416081,0.00757729564588
NANAAAAAAT,5087,13.5030968731,0.00754820599308
AAAANANATT,2708,20.2918588109,0.007537615446
NAANAAAAAT,5160,14.1134601631,0.00753133957981
AAANAAAACN,1038,8.69707658561,0.00750906220818
NAAAAANTAT,3131,21.0539353763,0.00750853525038
AANANAAATT,2201,15.4780502802,0.0075062201393
NANAAAAATT,2283,16.7905548438,0.00748966431964
ANNAAAAAAT,4964,12.8452033201,0.00747328716257
AAAAANNATT,2497,19.1287441843,0.00746174421665
AAAAANTNAT,2182,12.4818420788,0.00744713126763
TNTTTTTTAA,1407,9.90386962345,0.00742608879453
TNNTATATGT,962,10.9493836903,0.00742189265878
AAAAAAGNAN,1828,13.1611456542,0.00736748982278
AAAANAAATN,5135,34.8111057669,0.00733821013586
TNTTTNTTTA,5533,13.7191450605,0.00732401503504
AAAAAANAAN,28232,150.962904477,0.00731444320149
TTTTNTTNAA,2602,21.0511587052,0.00730605507982
TTTTTNTNAA,2816,22.6540729605,0.00729491521367
ANAAAAAATN,5087,33.6287497473,0.00728634116948
AAANAAATAT,2335,13.7200001802,0.00727993200683
AAAAANTTAN,1848,14.1162779715,0.00726877812988
AAAAATNTAT,1773,11.7424988624,0.00724322560511
ANAAAANTAT,3296,20.3225395566,0.00719592822252
TTNNTTTTAA,1982,14.4836100386,0.00713173030822
TTTTNTTANA,2422,16.294024609,0.007130529486
NTTNTTTTAA,2095,15.3682411376,0.0071212064895
ATATANANGT,1849,13.6203427783,0.0071115567852
ATANATANGT,1885,14.5467657588,0.00709655808208
AAAAAANGAN,1984,15.7894691065,0.00708219623167
ANATATANGT,2014,14.8487428768,0.00707139517269
AANAAAAATN,5160,33.1619342504,0.00702312126492
AAANAAAATN,5488,34.0657079735,0.00700996943858
TTTTTNTTGT,780,8.20786113923,0.0069940932263
AAAAAANTTN,2277,12.7794224404,0.00698474962195
TTNTTTTNAA,2662,19.6368346416,0.00695687841416
ANANAAAATT,2295,13.7178479741,0.00694761106532
TTTTTTNANA,2974,19.6146298266,0.00694078889869
NTTTTTTNAA,2781,20.3885750606,0.0069351021215
AAAANTATAT,1857,11.7240436242,0.00693462952031
TTTTNNTTAA,1959,13.7725711917,0.00693007051711
TTNTTTNTAA,2353,17.5209367137,0.00692278380572
ANAAANAAAT,6658,15.2392454831,0.0068632192834
ANAANAAAAT,5598,12.1687478531,0.00685854735198
AANAANAATT,2478,16.0499235019,0.00684732418673
AAAANAATAN,4724,30.9154440493,0.00683582099972
TTTNTTNTAA,2314,16.5203913644,0.00682723268212
TTTNTNTTAA,1992,13.4283017221,0.00681925858429
AAAAANAAAN,28541,134.866704532,0.006816303848
ANAANAAATT,2279,13.8999780033,0.00678957875935
ANNAAAAATT,2193,12.6458627535,0.00677247486374
TTNTTNTTAA,2219,15.9771081085,0.00673479507884
ANAAAANATT,2610,16.330332286,0.00671662542836
NAAANAAAAT,5488,11.2029765595,0.00671012127543
TTTNNTTTAA,1996,12.8525436698,0.00668186145125
AAAAANTTNT,1586,12.4644651706,0.00665418386928
TTTTTTTNCN,2217,10.0227900197,0.00665072750091
NTTTTTNTAA,2511,17.6257148422,0.00664267369979
NNAAAAAAAT,5042,10.493238786,0.00662968650162
AANAAANATT,2478,14.5518411436,0.00660884480175
TTTTTNTANA,2870,16.3394999072,0.00659956598204
ANATANATGT,2107,15.1264538947,0.00658554197214
TTTTTTNNAA,3146,22.439158882,0.00657473239217
TTNTNTTTAA,2067,13.4474859808,0.00657056894144
AAAAAAGANN,1616,10.0188954355,0.00649256942844
ANANAAAAAT,5322,10.9313259134,0.0064856904997
NTATATANGT,1976,12.5402424201,0.00648084983306
AAAANAAAAN,28894,118.590952387,0.00645190824942
NTNTTTTTAA,2279,14.10340128,0.00642403352146
AANAAANTAT,3052,15.2609165511,0.00641789658621
AAANAANTAT,3450,17.5239475872,0.00641504937007
NAAAAATTAN,1986,12.9529121814,0.00637581463012
ANAAAAATAN,4912,27.3860576688,0.00636561090065
ANATATATGT,1701,11.2176930778,0.00636374356128
AAANAAAAAN,28340,117.332588176,0.00635715708043
ANANATATGT,2268,15.9073247898,0.00631952612348
AANAAAAAAN,28129,114.830205088,0.00631137755301
NAAAAAATAN,4644,24.8946991732,0.00629702740481
NTTTTNTTAA,2083,12.0571997022,0.00626844606144
NNATATATGT,2391,16.6205002082,0.00624926124263
ANAAAAAAAN,28494,113.636500343,0.0062008158098
ANAAANAATT,2356,12.467591017,0.00619331093826
NTANATATGT,2176,15.5313131418,0.00619306579134
AAAAATNNAT,3265,12.8733065654,0.00618884756744
TTTTTTNTCN,2072,8.96095253532,0.00618612737643
ATATATANGT,1521,8.80088363698,0.00616985802299
TTTTTNNATA,2867,13.1507124956,0.00614605352844
AAAAATATAN,2240,10.0670789351,0.00613856652038
TTTTTNNTAA,2392,14.138718756,0.00610818416121
NTTTNTTTAA,2147,12.0609663445,0.0061059006554
ANAAAATANT,2356,9.77532907839,0.0060972030126
ANNTATATGT,2248,14.0778294934,0.00608357552515
TTNTTTNTGT,1346,9.58241128112,0.00607340809686
TNTTTTNTGT,1393,10.3301774401,0.00605188333757
NTATANATGT,2067,13.5533333737,0.00604797864485
ATANANATGT,2081,12.8219548627,0.00604251556171
TATTTANATT,1056,9.81307339401,0.00603961653806
NAAAANATAT,4832,20.711137029,0.0059759951354
NTTTTTNTGT,1384,10.0152623954,0.00593480404682
NAAAAAATTN,2228,11.0323760036,0.00592718467581
ATNTATANGT,1967,10.5854124096,0.00592387663524
ATNTANATGT,2081,12.6242880318,0.00592155466226
TTTTTNTAAA,1002,8.12880202742,0.00591894530173
AAAAATATNT,1972,10.2016224695,0.00591771352868
ATANATATGT,1613,10.1230095903,0.00589516666788
NAAAAAAAAN,29477,107.341744016,0.00589047676095
AAAAAATNAN,4090,20.3657346274,0.00587785724665
ANATNTATGT,2287,14.3127386297,0.00585699946977
ATATANATGT,1554,9.08214773352,0.00585113754574
ATATATNNGT,2144,11.7894406066,0.00584985052401
TTTTNTNTAA,2450,13.1787227762,0.00584272676111
TNTTTTTNAA,2894,16.5614077521,0.00582102442059
AANAAATTAN,2010,11.6066228306,0.00580668909387
TNTATTTATT,2835,20.5760158194,0.00579018637603
AAAAATNTNT,2809,15.1026575707,0.0057818127562
NTATATATGT,1729,10.0995899491,0.00576341566656
AAANAATTAN,1919,10.4791988768,0.00574043877425
TATATATATT,3374,16.0502308071,0.00569368702259
TATNTATATT,4468,22.8777726212,0.00567925364178
AAAANATANT,2436,8.81992466361,0.00567042707699
NAAAAATANT,2250,8.41692492259,0.00566382932558
TTTATTTATT,1711,12.5873094223,0.00566150592088
ANAAAATTAN,1959,10.3750171174,0.00565652138468
AANANAATAT,3620,14.5371830018,0.00564912004249
TTTTNTNTGT,1473,9.13323368249,0.00563887146557
NATTTATATT,1167,9.89926041191,0.00562573232401
TNNTTTTTAA,2266,11.4258542245,0.00558785686541
TTTNTTNTGT,1404,9.46048397063,0.0055842200829
AAANNAATAT,3592,14.685191517,0.00551333595909
TNTTNTTTAA,2278,11.4456585832,0.00550212493866
ANAAANATAT,6225,25.6355662302,0.00549940631208
AAANANATAT,7022,27.2337422821,0.00549653016843
NTTTTTTANA,2494,12.0000208155,0.0054641177923
TNTTTTNTAA,2587,13.231444273,0.00546344047761
NAAAAATTNT,1706,10.5354098631,0.0054349646364
AAAAATNTAN,3134,12.562511649,0.0054214999814
AAAANTNTAT,2586,11.3463579251,0.00541214475445
AANAAAATAN,5060,20.9242970108,0.00540808127388
AANAANATAT,4868,18.4532011287,0.00540547549065
ATNNATATGT,2181,12.2832883669,0.00539194593283
AAAANTATAN,3276,13.2424594963,0.00536284373913
TATATNTATT,4624,20.3985954263,0.00535347777513
ANATATNTGT,2398,12.1040647715,0.00534983736619
AAAANATTAN,2166,10.1727497011,0.00534827003392
ATATANNTGT,2208,11.4582273594,0.00534814361839
TNTNTTTTAA,2405,11.3216765666,0.00533783465811
ATNTATATGT,1703,8.51151048666,0.00533610405077
NAAAAATNAT,2549,8.75586843889,0.00533167370416
TTTTTTTANN,3777,14.4354876076,0.00532483507033
NTTTTNTTGT,1250,8.76661978921,0.00531766470725
NTATATNTGT,2510,13.5494927646,0.00531733872092
NAAANAATAT,3505,14.0647662125,0.00531460792869
AAAANAATTN,2329,9.48168064027,0.00530855118843
TTTTTTTTAN,2519,9.26273681251,0.00530352093855
TATATANATT,3827,16.9721983126,0.00530009267182
TNTTTTTANA,2683,11.6650715085,0.00528797646274
NTNTATATGT,2425,12.8051836731,0.00524833941842
ATANNTATGT,2189,11.996578937,0.00524817907284
AANAAAATTN,2242,8.71391488233,0.00524506867287
AAAANTATNT,2906,13.8505001803,0.00524266934433
ATATNTANGT,2051,9.84404310443,0.00522305305583
AAAANATNAT,2625,8.4637737963,0.00522275045757
AANAAATNAT,2567,8.33097420074,0.00521447092113
NNTTTTTTAA,2267,9.26573260889,0.00516947803858
ATNTATNTGT,2533,12.3584472423,0.00516523673152
TNTNTTTTGT,1374,8.88387907463,0.00515335123331
TATATTNATT,1391,9.0623677493,0.00514828499765
TNTTTNTTAA,2305,10.1811113058,0.00514434242389
ATATATNTGT,1835,8.70705714589,0.00513455051771
TTNTTTTANA,2400,9.39825534984,0.00508919685083
ATANATNTGT,2270,11.2902757358,0.00508792611358
AAAAATANNT,3214,9.57710542045,0.00507604652723
TTTNTNTTGT,1293,8.8780605879,0.00503569208932
TTTANTTATT,1941,12.1816078789,0.00502451981619
TATANATATT,3936,15.5751503924,0.00498932784739
NTATNTATGT,2509,12.5564663403,0.00497341115484
TNTATNTATT,7851,34.9835968277,0.00496736030836
TATNTANATT,5398,23.8747265478,0.00496359624631
NNAAAAATAT,3733,12.4060707501,0.00493449014907
AAAAANGAAN,2223,8.77450994152,0.00493306106823
ATATNTATGT,1770,8.33539055852,0.00492950304167
ATATNNATGT,2174,10.6177646647,0.00486901294194
AANAATATAT,2358,8.70291009763,0.00486726660594
TTNATTTATT,2143,13.0790461738,0.0048518970308
NATATATATT,4482,16.993141201,0.00484373013858
TANATATATT,4109,15.6322177522,0.00484286578675
TNTATATATT,4455,17.1634656823,0.00482279685065
TATATNNATT,5686,23.0282929851,0.00480979803221
TTTATNTATT,2544,14.9248337496,0.00480447508133
AAANAATTNT,1809,8.34422559883,0.00475992077824
ANNAAAATAT,3549,10.9011062954,0.0047572970439
AAANATATAT,4110,13.2434181619,0.00474479522185
TNTATTNATT,3820,22.0325479412,0.00473887279719
TTTTTTNTAN,4363,14.5234553792,0.00468239499144
TNNATTTATT,3664,19.8315848807,0.00464461932668
TTTNNTTAAA,1433,8.33478944772,0.00462910126795
AAAAATTANN,1986,8.52345679663,0.00462381346771
TTTATTNATT,2122,12.1827827573,0.00462372181369
NATNTATATT,6150,24.0256134351,0.00462083172167
TNTANTTATT,3564,19.3349334657,0.0046126597465
AAAAAATANN,4644,14.2861025728,0.00460183132023
TANNTATATT,5663,21.0420236066,0.00457777039281
AAAANATTNT,2060,8.8443498601,0.00457588000626
ATATNTNTGT,2595,11.0097377892,0.00456655399933
TATTNATATT,1344,8.77389585254,0.00456540828535
ANAANAATAT,4305,13.658641017,0.00456182686086
AAAAANTAAN,3218,9.87739212207,0.00455199197462
TTTNTTTANA,2632,8.13235674518,0.0045377139807
AAANNTATAT,5126,15.7801263911,0.00447219648409
ATNTNTATGT,2391,9.70301187589,0.00445485122037
NTTNTTTTGT,1405,8.23026037125,0.0044396532104
TANATNTATT,5733,19.4862448749,0.00443563674076
TTTATTTANT,2059,9.82150616831,0.00443488999535
TATANNTATT,5715,19.9777774729,0.00442724160495
TNTTTATATT,1549,9.19380723573,0.00442119643738
AANAATNTAT,3175,10.8631029041,0.00439603408951
NTTATTTATT,2245,12.2930968313,0.00438012784682
TATNTNTATT,6948,25.1859384328,0.00435034557058
TANATANATT,4926,16.5306493393,0.00434679288001
TATANANATT,4866,16.7045053962,0.00434082663026
TTTTTTNATN,3838,11.4934945325,0.00433032873661
NATATANATT,5402,18.1565115791,0.0043283667162
NTATATATGN,2444,8.20767476742,0.00432253937652
AAAAANTNTT,1516,8.7560755946,0.00432238249905
TATNNATATT,5877,21.2116973997,0.00429980385341
TNTNTATATT,6619,24.0980693982,0.00429387916418
ATATANATGN,2383,8.23648831611,0.00428768398365
TNTATANATT,5319,17.7924376388,0.00427458279615
NATATNTATT,6403,20.62097265,0.00424485661426
NNTATTTATT,3953,18.9841427762,0.00423960147892
TTNTTNTTGT,1723,8.81302040807,0.00421959485554
ANANAAATAT,5081,13.4420691811,0.00421101747654
TTTTTTTNAN,4756,11.8368372909,0.004163168632
NTTNTTTAAA,1701,9.56895288017,0.00413645455463
ANAAATATAT,3434,9.87772098177,0.00413503641763
TTTTTNTTAN,4085,11.1718031845,0.00409663231716
NTTTNTTAAA,1729,9.36231893814,0.00409132610833
AANANTATAT,3553,10.2200834185,0.00408095462222
NATTTANATT,1708,9.6693070049,0.00406574074026
TNTANATATT,5580,17.2570718995,0.00405249727361
TANANATATT,5360,16.4356798475,0.00404452114128
AAANATNTAT,5193,13.513528603,0.00404102152358
TNNATATATT,6007,19.1366826623,0.0040395963062
TATATATNTT,5242,16.1988943746,0.00402210732996
NTTANTTATT,2675,12.9160559902,0.00399171732677
TTNANTTATT,2718,12.8359704106,0.0039870402406
NATANATATT,5652,16.491033632,0.00398663923426
AANAATATNT,3601,11.1165887619,0.00397809672226
TTTATNNATT,3338,15.3563800846,0.00396527727626
TTTANNTATT,3160,14.1843985988,0.00395032547714
NAAANTATAT,3234,8.20393745054,0.00393197140963
TTNATNTATT,3654,16.4969881207,0.00391170213941
TTTTNNTAAA,1817,8.45719580551,0.00389563670259
NTTTTNTAAA,2031,9.65291928697,0.00388521877228
TTTANTNATT,2646,11.901823749,0.0038846495792
NNTATATATT,6393,18.2222123068,0.00386330906029
NAAAATATAN,3878,8.24016840012,0.00378990505366
TNTATTTANT,3683,11.5022333389,0.00378935900849
AAANATATNT,5694,14.4113184047,0.00378781040422
TTTNTNTAAA,1883,8.6987089385,0.00375630298238
AAAAATANAN,4984,9.3909425246,0.00374256008116
TATNTATNTT,7428,22.3674893659,0.00374167624093
NAANAAATAT,4022,8.52912746824,0.00372970348364
TATATANNTT,6354,17.989173558,0.0037124489915
TTNATTNATT,2902,12.1443169579,0.00369160072115
NAAAATATNT,3533,8.15037217564,0.00363757856932
ANAAATNTAT,4324,10.469652311,0.00363520325616
NANATATATT,6251,15.4908998665,0.00362340008321
ANAAATATNT,4782,12.330352928,0.00359721907473
AANAATATAN,4132,8.96959894647,0.00355189036356
TATANATNTT,6285,16.4294396539,0.00354935491808
TTTANTTANT,2473,8.40420605269,0.003525057721
ANAANTATAT,4676,10.7412728708,0.00346260987864
TANATATNTT,6642,16.7325609615,0.00344295778827
NTNATTTATT,3181,12.1927611847,0.00342633167268
NTTATNTATT,3835,14.2793034338,0.00342584006483
NTTATTNATT,2995,11.6314464651,0.00342311494713
NATATATNTT,7484,19.2987067195,0.00341230392644
TTTNTTTATN,5219,11.0118949908,0.00340245074879
TATTNANATT,1988,8.76144248037,0.00337350732783
TATANTNATT,2272,8.69077861565,0.00336079015797
NATTNATATT,2160,9.23258871573,0.00335829607831
TTNATTTANT,2759,8.43383470586,0.00332024849071
AAANATANAT,5986,8.21400024297,0.00331079164933
TATNTATANT,7192,10.8987510259,0.00324242305722
AANNATATAT,6138,11.147071517,0.00322326702768
TTTNTTTATT,3127,10.949273912,0.00319727152109
TNTATATNTT,7570,16.8620541556,0.00314004287594
NTTATTTANT,2957,8.64119102238,0.00312066782088
TATATNTNTT,8564,19.0418712132,0.00311740183895
AAANATATAN,6351,8.48364383914,0.00301004679067
NATTTATNTT,2553,8.47305459571,0.00295737313318
TNTNTTTATT,5546,15.4991891994,0.00289728928759
TATATNTANT,7381,8.72677156432,0.00288774868918
NAANATATAT,7484,10.6075408096,0.00285379777765
TTTATTTNTT,3408,10.5229324052,0.00284277773666
NNTTTATATT,2606,8.16749460665,0.00279898178522
TTTNTNTATT,5010,13.6256879324,0.002729558265
TNTTNATATT,3002,9.42086638519,0.00265363252871
TNTATTTNTT,6600,15.9183380918,0.00253354647888
TTTATNTNTT,5450,12.185224243,0.00236017658587
TTTNTTNATT,4610,9.62621564709,0.00222803101623
NTTNTTTATT,4687,10.2486502608,0.0021930157034
TTTANTTNTT,4428,8.66010379934,0.00213710404437
TTTATTNNTT,4766,9.41360275198,0.00207435436682
TTNATTTNTT,5070,9.98853655238,0.00205391004609
TTNNTTTATT,4922,8.44819893013,0.00199497144193
AAAAAAAANA,23697,22.2732127274,0.001572676505
AAAAAANANA,28224,26.0297287868,0.00155989238993
AAAAAAAAAA,20740,20.4237623722,0.00150690040705
AAAAAAANNA,27722,22.81733322,0.00149684839859
AAAAAANAAA,23184,22.5313818888,0.00145579598434
ANANATATAT,44486,18.7641446404,0.00143690240068
ANATATATNT,44390,19.3094578252,0.00142009554345
AAAAANAAAA,23331,21.3927295557,0.00141734636885
ANAAAAAAAA,23507,21.4699602097,0.00141029664332
AAAAANAANA,27763,22.2388014721,0.00140926317492
AAAAANNAAA,27133,24.500539942,0.00136736771137
AAAAAAANAA,23096,18.8374319293,0.00136328874315
AAANAAAAAA,22938,19.2997913194,0.00135154067094
AAAANAAAAA,23180,19.4102675534,0.0013464948551
ANAAAAAANA,27930,20.6586709464,0.0013446527858
NAAAAAAAAA,24435,20.3936703609,0.0013378068148
AAAAAANNAA,26888,22.1737085313,0.00133666583436
AANAAAAAAA,23019,18.706606627,0.00133412289249
ATATANATAN,42439,14.8570650812,0.00133275029837
ANATATATAN,44213,14.637987439,0.00132043509898
NAAAAAAANA,28780,20.6839434256,0.00131787362052
ANAAANAAAA,27616,23.0884058805,0.00131671942627
AAANAANAAA,26759,22.6570924325,0.00131572814277
AAANAAAANA,27883,19.6750366831,0.00131434387972
ATATANATNT,42128,15.7371059806,0.00129569031221
ATATNTATAN,41946,14.201800617,0.00129509189394
ANAANAAAAA,27504,22.7262909853,0.00129042359149
AANAAAAANA,27673,19.1681975596,0.00129040066742
ATATATATAN,38834,12.7797325352,0.00128903724608
AAAANANAAA,26923,21.6918096356,0.00128600685561
AAAANNAAAA,27097,21.5308214044,0.00128150156757
ANANAAAAAA,27249,21.9083841941,0.00127629818347
AAANANAAAA,26803,21.0786905701,0.00127395676762
ANATANATAT,43047,14.6315503654,0.00126919224672
ANAAAAANAA,27576,20.5402978315,0.00126267873118
AANAAANAAA,28230,21.6606954414,0.00126042142344
AAAANAAANA,27770,18.0202970803,0.00125965478638
AANAANAAAA,27179,21.1343480163,0.00125901905876
ATANATATNT,42899,15.2324395458,0.00125578731589
ATATATNTAN,42687,13.4800184428,0.00124725429822
NAAAANAAAA,28894,22.1413447388,0.00123984667501
NAAAAANAAA,28541,21.7515630599,0.00123502451004
ANATATATAT,39273,12.6444831699,0.00123237338352
ANAAAANAAA,27925,21.1102070357,0.00123209585188
AAANNAAAAA,26632,19.7047394299,0.00123205612821
ATNTATATAN,41528,12.6484605457,0.00122969093904
ATATATATNN,45602,12.9528841337,0.00121563549971
NNAAAAAAAA,29477,21.9142476038,0.00121209739615
AAAAANANAA,26932,17.8227056601,0.00121200523034
ANATNTATAT,42128,13.1801605033,0.00119769179566
ATATATATNT,39273,12.5569853352,0.00119320065145
NAAAAAANAA,28232,18.8422109926,0.00118390638441
ANNAAAAAAA,27360,18.8841026844,0.00118067643433
ATANANATAT,41736,12.6898935665,0.00117838571507
NAAANAAAAA,28340,19.727402559,0.00117738390704
AAAANAANAA,27186,17.7832085242,0.00117363881146
AANNAAAAAA,26408,17.6656141489,0.00117052552932
NANAAAAAAA,28494,19.2464628963,0.00116433288386
ATATATANAN,42298,10.8058349259,0.00115074660604
ATNTATATNT,42541,12.9787235021,0.00114761560013
NAANAAAAAA,28129,18.8255989628,0.00114691000098
ATATNTATNT,43047,13.1279676518,0.00113710739218
ANNTATATAT,42240,11.8632059455,0.00113541439854
AANAAAANAA,27370,16.2321975948,0.00113337439881
ATANATATAN,42835,11.0301246683,0.001133299638
AANANAAAAA,26718,16.7181690886,0.00112972812983
ATATANATAT,37577,10.3067343824,0.00111506865982
ATATATANNT,42240,10.954395703,0.00108973354769
ANATATNTAT,42899,11.2914498684,0.00108913943172
ATATATNTNT,44486,12.2601611635,0.00107428952602
NTATATATAN,43262,10.3067380212,0.00107174607049
ATANATATAT,38176,9.64708362372,0.00106379752394
ATATNNATAT,40808,10.3743053332,0.0010486492814
ATATATATAT,35410,8.40709118018,0.00102878863344
NTATATATNT,44213,11.0237166546,0.00102817042624
ATATANNTAT,41161,9.6866997993,0.00100958099788
ATNTANATAT,40298,9.18770610536,0.0010010074438
ANATATANAT,42541,8.71056413607,0.000998623525008
ATATNTATAT,37577,8.50875164234,0.00098986787563
ATANNTATAT,41161,9.27005969828,0.000982798412609
ATNNATATAT,41263,8.66688964942,0.000950639909411
NNATATATAT,45602,9.09406791241,0.000942344172618
TTTTTTTNNT,27360,10.3764053988,0.00091247689104
TTTTTTNTNT,27249,10.1613684203,0.000896385410768
TTTNTTTNTT,28230,11.2198116827,0.000847231396087
