Motif,Occurrence,Strand Bias Score,ERD
AGGT,4729,9223372036854775807,0.0155385104799
GGGT,1705,206.691903487,0.015242206306
NGGT,12742,9223372036854775807,0.0136903078798
TGGT,5576,9223372036854775807,0.0120932264047
CGGT,732,58.3825030408,0.0106475851348
AAGT,9849,9223372036854775807,0.010234220355
CCGG,250,16.6871775558,0.009278600923
GCGG,237,12.2629084822,0.00851962305268
AAGG,7688,9223372036854775807,0.00819888873172
NAGT,22528,9223372036854775807,0.00788702558987
CGGG,325,12.8570618442,0.00782695242173
ANGT,38522,9223372036854775807,0.00768053227061
NAGG,15438,9223372036854775807,0.00757546945892
CAGG,1693,66.4486376383,0.00750632699048
GGGN,5668,214.794331589,0.00750195264129
ANGG,17407,9223372036854775807,0.00740597382852
TAGG,3788,151.845896628,0.00739471616071
GNGT,10368,9223372036854775807,0.00724968583255
TGGG,2019,68.3612247931,0.00723537425629
AGGG,2125,63.8786171021,0.0071460871273
NGGG,5668,173.586033639,0.00714601963274
TGGN,15040,9223372036854775807,0.00706375437494
NNGG,38288,9223372036854775807,0.00697144724295
NGGN,38288,9223372036854775807,0.00695797778856
CNGG,3560,116.162275048,0.0069107213184
GAGT,2376,92.6888446473,0.00685101179604
AGGN,15438,9223372036854775807,0.00681457421388
ATGG,6742,243.618911951,0.00680904500007
GCGT,656,26.4170838119,0.00680079997299
GGGG,1199,31.7068867778,0.0067782346355
TNGG,11528,9223372036854775807,0.00669438971242
NNGT,91842,9223372036854775807,0.00663234879438
TAGT,7984,9223372036854775807,0.00644737518293
NTGG,15040,9223372036854775807,0.00640540698656
NCGG,2142,66.5130132791,0.00622571420344
GNGG,5793,149.340837203,0.00622414179141
TTGG,4918,138.522358551,0.0061923879375
GTGG,2088,54.429310366,0.00616253004119
CGGN,2142,58.9111736136,0.00586915504412
TNGT,35582,9223372036854775807,0.00577677343901
GAGG,2269,54.6033012846,0.0057727705457
ACGG,852,21.8527369753,0.00569982927183
ACGT,2742,75.5935760915,0.00568320920694
CTGG,1292,26.9041706253,0.00544908023828
TCGG,803,20.5857743222,0.00524784698036
GTGT,5631,125.341024182,0.00523084498034
AAAG,19485,294.784795181,0.00503093150309
ATGT,21202,9223372036854775807,0.0049652929924
NCGT,7582,171.478710267,0.00494236447475
ATAG,10382,189.118232126,0.00487650166078
AANG,49817,9223372036854775807,0.00456360139228
ATNG,30883,9223372036854775807,0.00451854411008
TTTG,18336,243.200283744,0.00450793510966
CNGT,7370,132.07028643,0.00450019271676
NTGT,48990,9223372036854775807,0.00449336863754
TTNG,34492,9223372036854775807,0.00446275526594
GGGA,2312,42.6812260292,0.00444498316876
ANAG,37344,9223372036854775807,0.00443042406604
TGCG,726,11.0149630467,0.00435930741671
TCGT,3332,65.6809237659,0.00435066569845
TGGA,6245,115.433700633,0.00429299954556
TNGN,85189,9223372036854775807,0.00429077285754
AAGN,41844,9223372036854775807,0.00427007958749
ANNG,98213,9223372036854775807,0.00426393800156
NTAG,23818,9223372036854775807,0.00424714828863
NTNG,85190,9223372036854775807,0.00422038475132
CCGA,803,13.4393754789,0.004120065192
TTAG,7801,110.523605444,0.00395491737198
GNGN,31681,9223372036854775807,0.00394587763649
ANGN,120177,9223372036854775807,0.00392479764886
CAGT,2319,28.0243077133,0.00389420320268
CTGT,3467,54.7973473621,0.00388975669802
TTGA,11941,192.932293825,0.00388967701119
TTGT,18690,292.043628541,0.00386900567292
NAGN,85181,9223372036854775807,0.0038340135607
GTAG,3739,50.5259788568,0.00380456951929
GGCG,298,4.13740001774,0.00379499612077
GTNG,11576,140.460021837,0.00379432894043
TAGN,23817,9223372036854775807,0.00376653763392
TTGN,38985,9223372036854775807,0.00373385354788
NGCG,1813,20.6258890803,0.00365104883734
CCGN,2142,26.3053156167,0.00364692553218
NTTG,38985,9223372036854775807,0.00364426476667
GCGN,1813,19.2747963474,0.00359753075987
NGGA,17024,212.517002776,0.0035424734498
GTCG,804,9.46589719496,0.00354117287222
CCGT,852,10.071361921,0.00351800330224
NANG,120177,9223372036854775807,0.00350759579152
NAAG,41844,9223372036854775807,0.00350592877885
CGGA,866,11.1064544425,0.00346857362447
TNNG,95411,9223372036854775807,0.00339266597634
NNAG,85182,9223372036854775807,0.00337860570048
TCGN,7347,85.7452697581,0.00334509714176
GAGN,10323,107.245629059,0.00331289236943
AGNG,10143,89.6600239965,0.00330927024132
NCGN,18884,194.680744663,0.00330619916795
TCCG,866,9.46711118119,0.00327078687358
ATTG,11290,99.0168598327,0.00326789004008
NTGN,117372,9223372036854775807,0.00323649465406
TNGA,30163,9223372036854775807,0.00320554411732
NGNG,31681,244.35516503,0.00311711956649
ACGN,7582,67.6894718639,0.00310413681547
GTGN,13877,112.08670024,0.00309338523829
TGNG,13479,99.3103883016,0.00308566122832
CNGN,22678,198.458296469,0.00307551970757
TNTG,51929,9223372036854775807,0.00307346133777
AATG,19552,155.512144329,0.00303557048961
AGCG,649,6.40661475851,0.00300219112592
ATGN,55313,9223372036854775807,0.00299761411557
TTCG,3437,26.5715726107,0.00297120102643
ANTG,36520,274.752231019,0.00296913139737
GNNG,39502,9223372036854775807,0.00296122143419
GGNG,5976,43.9363915958,0.00292776249273
TCGA,2530,25.6443988795,0.00291788360983
CGNG,2083,15.2806258244,0.00291537690673
TNCG,7494,52.7885587427,0.00288632814351
GTTG,4945,36.028157493,0.00286962686702
CTAG,1896,13.9427981654,0.00282740138
NNTG,117372,9223372036854775807,0.00282040700221
CTGN,9197,69.5010015679,0.00278982433843
NTCG,7347,51.3605437343,0.00278355012426
TANG,38799,218.707910793,0.00277985780918
CANG,12718,82.9576249434,0.00276464498072
GNCG,2365,16.9735712834,0.00273369435364
CNNG,26600,162.739843801,0.00270590871492
GANG,18843,130.758692713,0.00269824575988
TNAG,24460,146.282756359,0.00269203023742
AACG,3092,19.3355524264,0.00268209158181
CTNG,8239,50.1210090807,0.00265905445627
AGGA,7601,55.2147916281,0.0026502556757
NNCG,18884,112.213616289,0.00263004866131
CAGN,9197,58.7954040709,0.00259698047586
NATG,55313,9223372036854775807,0.00256877751394
ANCG,6942,41.2335003338,0.00256453362825
ATCG,2469,16.2612011279,0.00255000702491
GAAG,7967,44.4114411971,0.00252926294533
GNAG,15139,85.7110769899,0.00250845283662
CGAG,637,4.37433438969,0.00249184901214
GGTG,2281,14.0263362975,0.00248634753374
CCNG,3560,17.8243391754,0.00247397957093
CTGA,3203,20.7202481342,0.00246350492439
CNGA,8641,56.742024317,0.00241912029888
TATG,22568,95.7755417391,0.00241381389873
CCAG,1292,6.0515987177,0.00239961810741
AGTG,3359,18.961055026,0.00238209533926
GNGA,11953,71.6462560792,0.00237790180928
ACNG,7370,35.530924059,0.00237414845488
NACG,7582,35.4089488609,0.00234481603118
GNTG,16205,90.7340671956,0.0023324400844
AGAG,4010,18.041500744,0.0023044640691
TCNG,8641,43.8691007272,0.00230004097644
TGAG,3478,17.0474359863,0.00229945781503
NCGA,7347,39.7933162438,0.00226628531257
NCCG,2142,10.3574716641,0.00225822004145
NCNG,22678,101.933795372,0.00225387579521
NGTG,13877,59.5292929622,0.00224599814318
CNAG,8239,35.1138066787,0.0022452527291
CATG,5630,26.847716003,0.00221327122644
TACG,2465,10.4714453332,0.00220384941546
TGTG,7256,27.3665152629,0.00218204493187
ACAG,3467,13.9422675883,0.00213808670798
GATG,7563,41.0649554818,0.00211580829686
NGAG,10323,40.9522505789,0.00211440178033
NNGA,105149,9223372036854775807,0.0020830626349
GACG,1044,5.05896049461,0.00208130955478
TCAG,3203,13.3959650913,0.00204488041742
TAAG,9978,30.6491351306,0.00202526024966
CNTG,12718,47.9525659359,0.00202519612931
NTGA,42327,198.957162181,0.002022218847
GAGA,4467,22.5491181427,0.00198443052338
CTTG,4414,15.7206769973,0.00194404497878
CAAG,4414,14.2578490533,0.00191703680895
NCAG,9197,29.8448147646,0.00190946708918
GTGA,4492,17.1461965529,0.00188195203045
CCTG,1693,5.30723921056,0.00180318468761
CAGA,3769,16.4120815701,0.00179965559076
TTNA,124184,9223372036854775807,0.00178649982649
CNCG,2083,5.95752952971,0.00178551287977
TTTA,55515,151.788131856,0.00178042356192
ACTG,2319,6.95382545209,0.00173574918817
TAGA,9447,35.7246383593,0.00171175213825
NCTG,9197,25.2362854703,0.00169502156365
TCTG,3769,11.1048183792,0.00169034648887
GCNG,3107,8.17769089112,0.00157544784297
TTAA,38010,100.954730332,0.00151949719597
NAGA,38451,107.936563442,0.00148217711114
GGNT,12253,28.9427840285,0.00148094023833
ACGA,3332,8.38165464263,0.00147874668271
TTTC,22928,34.8075114129,0.00143424970499
GGAG,2198,4.58715829771,0.00135875387295
ANGA,54392,118.831777078,0.00134064821797
AAGA,20768,39.9382789055,0.00120944213621
ATGA,22691,30.3891041673,0.00102016854804
TTTN,216980,206.225391394,0.00100252777825
TTCA,18718,21.4910188199,0.00100032688026
TTNN,435764,9223372036854775807,0.000829171127088
AGNT,26417,18.9567256722,0.000816829498631
TGAA,18718,15.9773281416,0.000808684000558
GGNN,38287,26.6494987748,0.000808471495878
NGNT,91044,48.7276311461,0.000683113057857
TNAA,124184,67.4177291037,0.000670955625959
TTNC,45943,16.9839173318,0.00066424462326
NTTA,128870,57.6573073919,0.000663604473558
NTNA,342394,142.098712884,0.000613544425323
TNNA,413368,160.281965954,0.000602451949289
TCAA,11941,5.89106929541,0.000576027239551
NTTC,50929,11.4356424514,0.000503988653521
TGNT,45432,12.5899583753,0.000461631850344
TNTA,210569,41.6773950537,0.000444217401142
TGNN,117372,24.1275851802,0.000431697108629
AAAA,120201,25.0907753868,0.00043133690552
NTTN,435764,58.2881557039,0.000354559816001
NTAA,128870,16.5707654408,0.000320870419729
TNTN,541934,56.2905143496,0.000316435472117
TNTC,46681,4.24159540775,0.000303003879822
AGNN,85181,7.65098401241,0.000274403770365
GTNN,91841,7.55583054856,0.000262205751992
NGAA,50929,4.86656882986,0.000255092496154
TATA,127040,7.70396434631,0.000228256627387
NAAA,216980,12.2718832316,0.000213776904299
NNAA,435764,23.5708147144,0.000209977813886
TATN,237513,10.916971745,0.0001998933725
ATNN,471038,8.65832720414,0.000123052385277
